width,height,megapixels,original_kb,brightness,contrast,complexity,sharpness,minimum_similarity,network_mbps,max_attachment_kb,intended_use,target_quality
810,3186,2.58066,981.0655395684029,198.13360478316267,70.7894423247491,10.722542526787262,6830.575343875454,0.9457702888443126,10.0,1024.0,Cloud storage,68.7290110482317
989,2201,2.176789,1432.8845149871327,157.33437281532628,80.82092906166639,39.35996430384115,1629.3091164041994,0.9087335659225335,10.0,250.0,Website,54.75579686098294
1673,2673,4.471929,2513.7160631763804,102.35993394467499,92.65584195159227,76.23593194842022,5459.765304662645,0.8946753605963255,0.256,1024.0,Cloud storage,68.99346604688651
601,3076,1.848676,1025.1175163009727,218.8268491624999,41.06602865105216,33.377695894859244,3313.412888366865,0.8503154174534857,1.0,250.0,Cloud storage,45.87119035797209
1918,1216,2.332288,1193.6509509571472,118.05886458574284,81.614255684627,60.42173836418443,2220.9481576051853,0.9487622971994882,10.0,5120.0,Cloud storage,79.21393699503199
2182,1262,2.753684,577.3344015028746,72.98255847027059,15.588981580080441,67.52779895517534,4670.713453314624,0.9328264605802136,1.0,2048.0,Cloud storage,72.47645608025341
2725,2447,6.668075,1398.1905649253451,56.76071397183495,68.47223694323773,41.62988890373687,3978.390940044262,0.9215549312000945,10.0,1024.0,Mobile sharing,59.70286859598834
2946,3261,9.606906,1417.6542826961145,117.97630395414885,32.16677382556234,36.49934878542017,5981.151359213754,0.8574303177384545,10.0,250.0,Website,44.560445326396014
4621,1456,6.728176,3413.152640781811,140.8361089448429,77.71185672851308,57.47371030684578,2874.3886870084903,0.8467156671852326,10.0,500.0,Email,49.37242080566796
504,3177,1.601208,629.7071041749272,65.64163801638435,55.08358200826908,15.48959242247981,4889.426606790265,0.8913850040918448,0.256,500.0,Cloud storage,55.910928327072995
3545,2669,9.461605,3181.305612892757,51.653484670059186,24.440472169641225,81.87560849306018,6364.635800417869,0.8625391938335231,5.0,2048.0,Email,59.85955455812164
4858,1340,6.50972,2513.6376079092147,86.7258967505802,22.711276972279943,77.01339651659502,3217.6452143435968,0.8523781383672369,5.0,500.0,Cloud storage,54.35894612379906
2915,1036,3.01994,1867.1387324280993,179.1187106686899,72.55703647607494,38.431629261558506,4409.7964428819805,0.9239754562487712,5.0,2048.0,Mobile sharing,57.49805984840594
788,3232,2.546816,1048.2052017138778,97.6736303432292,26.561935109283752,11.479043353249235,4134.129776635098,0.8472948749659017,1.0,5120.0,Mobile sharing,36.64701224173261
2456,1648,4.047488,1889.4557556475281,39.332735495642524,91.68473705931562,42.54888182931782,5490.009829389489,0.8978653329341056,0.256,2048.0,Mobile sharing,51.476381708574365
2657,979,2.601203,1040.1923587836043,85.72537598745978,41.52551978740418,45.6951370026661,3100.4346491200745,0.8234579327808528,1.0,5120.0,Email,49.53527312398043
2897,904,2.618888,1167.5018464919956,55.629390815734276,68.77920744318493,26.061170274798684,4632.987311108717,0.9429835987068251,5.0,500.0,Cloud storage,71.12581553518899
895,3910,3.49945,529.5548207351173,140.42196918438185,44.6737827089951,71.04275893685788,5667.347730846897,0.8707422228516344,0.256,5120.0,Website,54.02143016071048
3260,2254,7.34804,2027.32498273379,212.84827830930303,28.168625406561453,6.682670790170977,3073.9245670211135,0.9626683626007861,10.0,250.0,High-quality archive,72.47454074809845
3843,1204,4.626972,1969.9299301201852,95.02651984785066,76.76099456887904,57.25622357975641,2646.921215672285,0.8351146668898424,5.0,2048.0,High-quality archive,67.85889334282622
424,3772,1.599328,427.5855030361343,58.32400715818234,81.4890137699925,15.569313963208511,1295.9147416962867,0.9599299265339942,5.0,250.0,Website,64.00415254310558
1303,3992,5.201576,3557.5714179597667,130.14082537844504,26.511800204100062,4.142775592072526,1646.1094084920442,0.8410915548458433,0.256,2048.0,Cloud storage,41.77374724189025
1764,2222,3.919608,2060.6539002018458,145.41215575197145,30.98205213280461,68.93821114694555,5022.0795508298215,0.8409692402491701,5.0,1024.0,Mobile sharing,46.41557905137152
969,691,0.669579,201.90535673357422,127.83096861679134,68.0291370210866,81.36110707785153,2040.8012768302824,0.9679693486899243,1.0,250.0,Website,74.5908717192553
1081,2682,2.899242,551.9041143677307,61.664523442143405,48.5291455453043,82.2310167957409,4192.495744978891,0.9486977464980753,10.0,1024.0,Mobile sharing,63.14153911535892
2549,3449,8.791501,1689.8326773246747,192.59143682771992,78.74536706601293,22.076540841247564,3738.8486546634217,0.9169625313120017,10.0,5120.0,Mobile sharing,60.706957133204554
1733,1885,3.266705,1121.4105147455225,115.91759641096688,67.15448204639793,74.13423180369064,3204.5833304302832,0.857865978079613,0.256,5120.0,Email,60.198132260640975
3831,3852,14.757012,2478.271174952493,147.94239611372583,26.69385953541586,70.62246361741998,2206.825983772317,0.8430195092753828,10.0,5120.0,Mobile sharing,50.171798137053635
1116,1424,1.589184,345.742291400191,56.943112096417444,16.6918413069152,7.542423551469329,1263.7582230041762,0.9145830105777554,0.256,1024.0,High-quality archive,65.85559791492122
3531,3381,11.938311,4985.1993713817255,201.25093902457562,83.09053014577648,6.56495508504894,1311.4139466958422,0.8578791793767033,0.256,500.0,Website,42.334269569574914
4764,1898,9.042072,1429.3241602487053,105.9866863073186,56.90023589741098,11.33709603810471,5842.53694883049,0.9679746990428899,0.256,2048.0,Mobile sharing,59.89079686154279
855,3282,2.80611,1931.6006570254808,187.38491725198278,77.35820326170631,55.68362863163491,5464.024664317996,0.8415283533461035,10.0,1024.0,High-quality archive,68.08330964468028
4848,3487,16.904976,6657.105815858959,108.16700425906716,66.1650616989688,24.849992035069377,1021.3904561300002,0.8867022989751816,1.0,2048.0,Email,59.72572335817196
1469,2218,3.258242,1031.7955475861168,107.09817514811651,69.85946763647563,27.343870914845393,6644.562590671616,0.9666156831261085,10.0,1024.0,Website,71.28840176276512
2518,2327,5.859386,3595.784945401799,158.9915947064194,79.35134623576619,46.683226637390696,4448.7775234099645,0.9375829059696466,1.0,250.0,Mobile sharing,55.640833935804764
1331,2211,2.942841,604.1611881215683,151.73215070296476,22.60765985839477,62.508681518257006,637.2278708234657,0.9697503716321001,5.0,250.0,High-quality archive,84.94588710245787
1179,3283,3.870657,1813.0108716261832,183.6985798796139,78.60918711864687,80.57421915102108,1811.014309182351,0.8352078716103042,5.0,1024.0,Cloud storage,59.707644554782256
3234,865,2.79741,1276.4173212301562,123.5371790664332,56.81054204104982,65.64171798054021,5604.750779758863,0.8987445144920686,0.256,1024.0,Email,60.45213943566831
4287,831,3.562497,700.9178382588142,51.664712263046,67.62906280324222,37.325880664811116,5431.5338421858105,0.8733820413325181,5.0,2048.0,Website,54.76756681260248
4532,2684,12.163888,4106.400261363766,94.74359623880994,27.608931889999972,15.118236548459715,6556.085870461421,0.8900646459518005,5.0,500.0,Website,49.81839897778498
1209,2390,2.88951,1917.4782364206746,183.25728384278452,53.349565129963224,33.86147682542775,6907.089237224038,0.9721911456006146,5.0,1024.0,Mobile sharing,68.65772013451223
945,3560,3.3642,671.1422788453418,146.76901999415193,69.88770920843591,4.008820242865433,3207.5098348001384,0.9520639217914113,1.0,500.0,Cloud storage,67.40479436058185
1850,1992,3.6852,1113.2938090780058,209.5039601479553,77.50352283452128,12.068249701681061,6979.390871971133,0.8654253500582462,10.0,2048.0,Mobile sharing,45.42479442784189
4249,2796,11.880204,6052.254684840141,158.52375295617142,22.23525815873062,76.55673870952327,251.54654727106248,0.8585324892865834,1.0,250.0,High-quality archive,65.07879071129398
4118,1113,4.583334,2974.876134421964,159.69111747222314,17.893016839575697,3.445246398553438,409.02252325007254,0.9482370897375064,5.0,5120.0,High-quality archive,70.58036233973357
1497,1281,1.917657,1124.8005561892735,211.2811317327333,76.76867192835044,60.24590428624825,5873.962519654912,0.8264242079275306,1.0,500.0,Mobile sharing,46.480707278152884
2922,2668,7.795896,4795.604315582513,64.49046856380727,73.76968735481293,18.829402251250137,1931.7733216587117,0.9768327655837891,5.0,2048.0,Mobile sharing,65.8126531508937
3213,652,2.094876,322.90379783247084,202.98768515969527,71.76626280804966,17.196483406645264,687.4609904781765,0.849365316620851,1.0,5120.0,Cloud storage,53.59462770394287
2897,3222,9.334134,4599.420244052544,143.7584984921411,26.610420373203976,80.57400519176379,2144.3312959772898,0.9319641511342506,5.0,500.0,Email,66.97574375829306
3386,968,3.277648,1375.8290017851314,111.76653424074553,52.93349835860945,12.775837148215059,981.957538615719,0.8644920873250012,0.256,500.0,Mobile sharing,36.46161940790916
4013,2599,10.429787,5128.728825642169,113.24407035125834,47.702648754295765,20.845539189150884,4138.728426442607,0.8257695734843782,1.0,500.0,Cloud storage,49.247413039251036
2324,932,2.165968,988.3334117585262,142.49666108206497,71.16017448882971,56.13177554049922,4584.409742821169,0.8705942642918468,0.256,2048.0,Website,54.53565573933426
1306,1953,2.550618,1241.7100002043628,103.52489354554831,56.01913956854066,63.409866455542065,6210.500062729769,0.9005812680292958,10.0,2048.0,Mobile sharing,53.90488706345058
2793,1285,3.589005,2179.6312566599095,128.88691283831045,24.26853794682147,8.908850059981383,5901.852816724268,0.8288908667051004,0.256,500.0,Website,30.0
2642,1022,2.700124,834.1202021086392,176.11158767776627,16.17462748480566,70.8282208106963,6003.00876384318,0.8445780638497016,1.0,500.0,Email,51.57139500031517
3163,2229,7.050327,4768.1688150655855,224.13824979089105,76.76839130836684,28.49884381350283,4829.2720917043425,0.932865018477442,10.0,500.0,Website,56.992186611971334
1934,438,0.847092,211.06386998019326,134.7667775637796,28.10010434066367,16.60436316587576,5862.314819324153,0.9089551084845517,10.0,500.0,High-quality archive,73.17662677093236
4259,2743,11.682437,4503.579458301084,109.58881600996477,21.4039426916948,64.93707416916905,3064.764239892021,0.8950923094704641,10.0,250.0,Mobile sharing,45.9552024742369
1522,3665,5.57813,867.1202009276537,79.24193413930419,38.36474642516227,43.196198476930086,4125.793952452832,0.8334584535291011,1.0,500.0,Cloud storage,53.53186923871537
1520,3474,5.28048,2640.318988464229,162.33861851675744,76.03224152316233,7.764895501158682,2597.928275281656,0.9063243896418686,10.0,500.0,Cloud storage,57.515673905794365
1923,2137,4.109451,2334.651957194918,196.88294820742212,55.383318632279845,77.58328399745069,4130.511386732015,0.8744945272946438,10.0,1024.0,Mobile sharing,51.48044138772169
2694,2261,6.091134,2175.6003528823394,209.29415778481845,65.46657922917939,17.555539759831333,2405.0466674867544,0.8506564815460319,1.0,250.0,Mobile sharing,32.8505307753664
3577,2013,7.200501,2198.2768900055376,148.71066639596995,15.585156503441251,25.797812741266736,4936.082586607304,0.9770889516068056,5.0,5120.0,Email,75.30202258843762
3253,3945,12.833085,8276.016567356772,171.9322298764868,92.05689788395037,67.12442400053052,6074.269995920389,0.8382566513893819,5.0,2048.0,Cloud storage,54.28197678209767
3388,2391,8.100708,4073.3468341484113,219.26487217405818,93.76624651452997,26.634716130008233,5149.586807193517,0.8754388578100878,5.0,250.0,High-quality archive,61.011449019798135
969,2229,2.159901,883.6778183685437,222.25263220403596,52.197876495492245,83.1891922840549,2910.4532152487163,0.9469891440895956,5.0,250.0,Cloud storage,76.72731094259736
2885,3287,9.482995,6231.085883440585,191.29078721731202,17.957658176093936,33.5615919871522,388.4543825812663,0.9280489005867975,0.256,2048.0,Website,59.203380975155056
3680,429,1.57872,870.6260913105442,187.1656025002601,18.91709678586234,22.231882336186484,4372.189524957958,0.9573000487399717,1.0,250.0,High-quality archive,79.5857908830087
1609,2838,4.566342,670.686754476854,111.2575559351437,86.65079051069574,58.072250326180416,1701.7256253561513,0.8756850277455223,10.0,2048.0,Email,62.10694489978294
4325,2954,12.77605,4551.542406953338,87.21675964346274,85.92460497374954,18.38268191903829,639.4405590885535,0.8747083101673057,1.0,2048.0,Email,61.39701545371783
2854,3995,11.40173,3408.277789082969,112.50897071494362,25.945702242370103,50.13949822908875,6983.181258977274,0.9152340544661395,5.0,250.0,High-quality archive,70.6355586007445
2204,1190,2.62276,541.8337343697501,104.42190800783536,20.37333350782135,19.562281090480088,172.79802794938982,0.8925247866400261,10.0,2048.0,Email,58.69747194906722
2468,1913,4.721284,3195.1255737436563,177.87299309923395,58.2685309555961,26.33235175916967,6284.127751472317,0.8720548368826683,0.256,5120.0,Website,47.17200761748211
4581,3942,18.058302,8428.252561824162,159.15344971180406,38.95066332118604,22.792509053386357,2291.3218128222234,0.8448706502533475,1.0,5120.0,Cloud storage,59.39523586772234
678,2421,1.641438,954.3737823794677,183.92658078138558,50.07090068673543,42.053099304111505,6963.177155098422,0.9503421508988612,5.0,2048.0,Email,69.43671753202139
4551,2092,9.520692,4288.474972177777,54.35988988976352,67.23377012511988,81.3386531114005,3613.4878468857737,0.8892755988588428,0.256,250.0,Mobile sharing,40.63171521803692
3800,770,2.926,448.89253339568984,81.7526561859383,20.242434713470594,40.31966307776451,3636.8102187369313,0.8281536772119817,1.0,5120.0,Cloud storage,52.02069004325646
913,3199,2.920687,1542.0296934197913,74.33390288971427,39.16572550269108,35.318313728604,2945.4369498305778,0.820265713227968,1.0,250.0,Mobile sharing,30.0
1147,404,0.463388,194.46327316498744,128.00538123636954,41.647532880851024,38.36881565200887,5475.038905809761,0.86165576694644,10.0,500.0,Email,48.9133309933156
1883,3691,6.950153,3610.307460826759,78.36804633804991,41.45885936438933,79.29153864231034,387.5565644363586,0.8937231368383306,10.0,2048.0,Email,66.18112442192916
3176,570,1.81032,377.95329057925903,209.57640677082975,15.740782545689873,18.44240193453085,267.4204146664296,0.9192238858605274,0.256,1024.0,Mobile sharing,48.49361256846103
1511,1230,1.85853,1141.4684982761878,35.90086465325604,83.26955674738934,53.76776508701187,1181.0672284294553,0.9436699821016454,10.0,5120.0,Email,72.87579558306578
1542,3707,5.716194,2223.8323167073054,149.6506463233311,93.7719626894115,32.64595844841435,5701.457453449784,0.9478741635586385,1.0,250.0,Mobile sharing,56.95697774223834
3163,2255,7.132565,2218.6008307961724,49.84059468526914,17.3867816079758,31.411249743388836,182.28732733153174,0.846478041213084,5.0,2048.0,Email,54.93203893881967
1786,3058,5.461588,1697.3376135550998,204.10369685236213,62.50644384227581,13.334160023223376,1048.8446971159624,0.8476710298307324,5.0,2048.0,Cloud storage,51.93622996429941
2733,1353,3.697749,515.6528991555268,223.68607056679625,61.77110673073324,13.406617992518077,6286.250288290951,0.9608608480204307,1.0,1024.0,Mobile sharing,57.044546622714684
1238,1383,1.712154,271.88359512660503,147.9678456892642,38.58041545622104,57.416925826148855,5861.903979056078,0.9153142039497164,0.256,250.0,Mobile sharing,54.27674811519795
1463,3420,5.00346,2392.3492405777088,140.17275961702617,46.69332000473992,58.564902615183115,5094.098961272265,0.9107100472511018,1.0,2048.0,Website,60.21176309210193
1089,1909,2.078901,880.0244460542929,37.36927680883051,78.68228450483028,45.658865497771494,2885.331941005928,0.9623450274680636,0.256,2048.0,High-quality archive,83.22258442447954
2217,2087,4.626879,3137.409329377274,68.90393474614788,30.96335943195923,73.43659456573253,6392.450071786422,0.8539435852037282,1.0,1024.0,Mobile sharing,43.83682978260911
3364,3562,11.982568,4146.68791550463,133.23370250139155,74.3373128415788,62.953150085529224,5491.57290368129,0.836738415488764,5.0,2048.0,High-quality archive,69.20651561701692
4558,3500,15.953,2981.9604759427166,73.83549974547154,74.48802920861215,4.897487755719608,6855.611204265593,0.8803431488569089,10.0,2048.0,Cloud storage,63.10860989598634
3292,1820,5.99144,1868.7631997724823,150.6608144906669,61.47914989984406,36.54947816523337,4232.334553280573,0.8948224410602554,10.0,250.0,Email,54.32221229138052
1305,1705,2.225025,455.53371822937896,65.94558510536544,69.76496587149418,30.83717584513002,6686.543823397863,0.8589754792573772,0.256,250.0,Website,46.42014400958883
3087,3571,11.023677,3180.602144856097,73.39673931264082,29.861290789686976,45.80500871205401,3305.495656665058,0.8272276987183081,1.0,250.0,Email,45.59922294509372
2614,1281,3.348534,1381.0651346934967,56.03149406562706,35.19490324396698,27.171463865112504,5365.384690620279,0.9602737275623391,10.0,5120.0,Cloud storage,75.7844509247226
3224,3936,12.689664,8542.802428656732,48.64620669554803,26.023482874224413,27.966255171034696,3892.6428657480074,0.9553275132483428,0.256,2048.0,Email,58.34949005844464
3237,2275,7.364175,2020.402800918912,65.45928474662904,83.15465262358389,50.90668452501989,5159.149521261452,0.867365258065604,10.0,500.0,Mobile sharing,44.156227049963405
910,3136,2.85376,1627.3315354005197,74.29457022766601,90.32310853904792,12.893737670382285,6278.048472844231,0.8623263697842097,0.256,250.0,Cloud storage,44.234835855799616
4293,2742,11.771406,4548.70436363531,81.59920487440984,71.81961610687893,72.80944125098071,6128.297221996224,0.8742915433178498,5.0,1024.0,Email,61.04288620322738
1932,1281,2.474892,549.2152023682428,213.60361205342778,86.03910628844639,66.74341449287076,3647.747572949717,0.9047593065891997,1.0,500.0,Website,63.937777442670296
2868,1700,4.8756,983.0594081961254,215.92744601067983,53.562460766908046,81.16285304222549,1186.8593000852643,0.9087066483263894,10.0,500.0,Mobile sharing,58.387693647000056
4421,508,2.245868,444.2402974287333,209.20119744954718,40.72263931858654,52.86659537699651,3281.8482173254474,0.9051017746153709,1.0,2048.0,High-quality archive,69.48335634357855
1261,913,1.151293,636.3430591559778,124.06426643265097,27.230169770106876,78.49460037843257,2422.640118303007,0.8280170703515094,10.0,500.0,High-quality archive,63.09458721308043
3424,2641,9.042784,5045.674470206672,185.7907229338517,31.956368886443407,78.75023191964078,3094.0277402965894,0.8203694036138787,5.0,1024.0,Website,41.18958321776753
4969,3561,17.694609,6922.296727382312,59.51571086458793,27.18613681260606,54.84719066847723,2780.845371413121,0.9674963920247992,5.0,500.0,Mobile sharing,58.92675073912234
3709,2059,7.636831,3865.551866324014,148.94211777603817,52.82271782071986,80.90500975920385,2431.8598171469434,0.9284950497407725,0.256,5120.0,Email,70.21472348802416
4291,3956,16.975196,10842.36295221684,177.42753759534483,94.34461731981025,46.57593255097399,4636.970245668002,0.8683968449820685,1.0,5120.0,Email,68.38718108387825
3779,3058,11.556182,4157.797755080838,141.74559671196988,72.5826028017237,44.73260044361105,6354.249972021084,0.923531487702932,1.0,1024.0,Website,57.863311145588646
1974,2071,4.088154,824.6215451306222,52.427499021211275,68.39919385174063,56.75245454413029,4657.222513760162,0.8231626312548306,10.0,500.0,Email,55.88088457422086
1147,3201,3.671547,2278.4127419622114,81.86927167296798,68.4279327078389,13.607749883578505,1962.3100529319076,0.8653633226558767,0.256,500.0,Cloud storage,46.27643525310127
3503,3069,10.750707,4719.399649090827,168.26430923625213,91.23379747884526,53.02495959674825,1822.9931706402958,0.9200765051062297,0.256,500.0,Website,58.68436476015243
2789,1838,5.126182,2669.1711893456986,39.41324064588411,47.00491569078043,74.75882429244595,4291.080738811059,0.9697499999097161,1.0,5120.0,Website,72.5770695253406
4328,3483,15.074424,6168.451677438749,155.11847502182383,41.72890135670045,23.024810062802835,6393.0692550259755,0.967819919919761,1.0,5120.0,Email,75.62425221131798
496,3081,1.528176,864.7341608047285,179.89211747290173,53.44861047538452,40.42907995017028,1719.572619235572,0.8662912217763735,5.0,500.0,Cloud storage,61.00224880066981
1585,1705,2.702425,688.4380854824453,190.05064318303792,83.84559354355008,16.751360613578036,102.17387795999909,0.8737807949646997,1.0,2048.0,Email,59.17396062899333
1478,897,1.325766,757.5048599096739,56.98379178879159,46.20500721252234,84.8859802309771,1388.5062214548232,0.887648053207487,0.256,1024.0,High-quality archive,70.11854870325695
3250,1442,4.6865,795.2763807297754,61.21952829610201,78.25903791167951,25.19183648621056,6199.700963569207,0.9261525211566538,1.0,250.0,High-quality archive,75.05867792992024
3047,1034,3.150598,1170.108073787549,139.91513642627268,55.061291926422264,59.26535908044234,4586.172807341324,0.97990750547587,10.0,250.0,Mobile sharing,64.13412390200446
2775,2860,7.9365,5449.982840356597,95.48201364951386,51.89671086700591,37.83170783486739,407.36312417065903,0.9275623089957511,10.0,500.0,Cloud storage,65.66036376878668
3533,3395,11.994535,7173.949955367471,114.16653962757722,40.723654579271965,64.40330393269849,5619.656565206925,0.9628849631258085,1.0,500.0,Mobile sharing,60.825294485458286
1061,3696,3.921456,852.954120380093,136.42960252205245,20.4014784149932,7.330182314809049,53.605271951653364,0.889810665551082,10.0,2048.0,Mobile sharing,43.85036287096566
1955,2748,5.37234,3219.0124930951756,66.92016122979551,26.74909878571234,73.58567983688395,5770.716039153159,0.9510719806870368,5.0,250.0,Email,66.09621465457526
826,2364,1.952664,540.3951084397795,177.94249374237504,55.33428835126511,64.52181101175512,3279.5234831084404,0.8788646944354908,1.0,500.0,Cloud storage,64.65443892944369
3383,3105,10.504215,2077.512071039923,51.33664652107957,29.103309201770415,17.378413939221595,5770.5979785079535,0.9784621531776772,1.0,5120.0,Mobile sharing,62.204189455238186
1031,1046,1.078426,381.72329124494973,201.26599782027563,93.04765166627197,74.57443461948266,1386.4897192941746,0.8553276673934294,1.0,2048.0,Email,59.705040816731064
1558,3045,4.74411,2148.41656801615,139.67266601317655,81.28375398710287,61.26368728289958,234.7154667311773,0.9162493523929625,0.256,500.0,Email,57.85434293322798
2636,1438,3.790568,2130.332882603391,192.0561820850067,59.897845431203535,34.600297430282446,1931.3424923909938,0.9035069553230806,0.256,500.0,Email,52.5105713902974
3341,2835,9.471735,1588.0798716574402,35.20281835432198,31.982171107259436,76.34994281294004,4541.720804438486,0.962442233891779,0.256,250.0,Cloud storage,72.2657357415095
2561,3425,8.771425,1437.7015936210244,75.88387217945652,61.861706012377795,19.029893785724337,4772.712714002257,0.8542547662938752,10.0,250.0,High-quality archive,54.892845810286005
881,1921,1.692401,389.92721118552714,60.591484735435984,83.82255089751527,29.272570694979244,2557.2728713018623,0.8771791397603286,0.256,500.0,Website,51.9740615423767
1618,1907,3.085526,1963.5309606684893,211.63665797471546,22.986484574143216,11.807042415663332,851.5187448713664,0.9191310810096499,1.0,250.0,Website,50.65944219882725
4828,3115,15.03922,8982.79149288456,134.95150010834396,94.73417692153228,6.622358441421224,2838.7915010934876,0.9717832797940226,1.0,250.0,Mobile sharing,58.90789517309913
3053,3729,11.384637,7830.597665943989,129.7415139064999,54.493766101651666,82.6125477407505,2696.089910459158,0.8836040039287988,10.0,1024.0,Mobile sharing,48.593478868904974
3411,1555,5.304105,1273.6680706000125,54.62386103033943,84.29156850648161,51.32515562245304,2542.775901118983,0.8890430405899767,1.0,5120.0,Cloud storage,67.51365327363935
3312,3287,10.886544,3844.5876766603697,97.55986732357621,51.0837200148204,49.57060689513639,3259.6344845757503,0.9254005455706721,1.0,1024.0,High-quality archive,80.98377405671489
4863,1644,7.994772,2764.5752799091565,52.981555967383855,28.28501059311785,62.29533177592166,2754.2221450784564,0.9100275856919772,0.256,2048.0,High-quality archive,75.08623862141985
3875,2294,8.88925,5855.151366850524,148.50496052402974,68.51581271932636,7.311231206490541,6621.3632426022505,0.882797557482391,0.256,5120.0,High-quality archive,64.01764222986154
4902,416,2.039232,309.8999246676673,164.27957307728516,60.01344110655465,5.175659850898096,5217.046730495578,0.8994267971902893,10.0,500.0,Mobile sharing,47.288790148382375
2542,2444,6.212648,1978.7790710636932,201.96508775868253,44.844847004644244,49.336388671717856,1928.8754279853263,0.845694130013587,1.0,2048.0,Cloud storage,54.194085326414445
1388,2331,3.235428,2201.0199102986576,218.0801833222092,83.45136973619228,18.38396200673275,4180.195225395981,0.87991422983183,10.0,250.0,High-quality archive,62.77775753003899
865,2219,1.919435,867.0161367223753,221.60741630039044,63.576914439525765,37.84830962462031,2621.391356538025,0.8868190868246473,0.256,250.0,Email,57.60806326748499
1417,3415,4.839055,1413.5187743445824,92.72135749788939,84.94674050678506,4.965569153292347,3667.1792341822324,0.9304202831325535,1.0,1024.0,Email,63.47943768826137
1151,808,0.930008,448.8845652471157,42.618051875827426,51.93817577476075,45.82457330655451,1539.5684998421568,0.8423397846686592,5.0,250.0,Website,44.30801260014475
1254,748,0.937992,628.4286422065219,111.94887168420529,79.71756820053992,82.90220409492542,611.1101960190368,0.9594254538785942,5.0,5120.0,Email,75.58840286831922
3317,881,2.922277,439.69270867580826,136.57414274496233,94.4834397429478,81.6140171296986,330.7746404530341,0.932927520580718,5.0,500.0,Email,73.83165149862047
2188,562,1.229656,815.8131067260463,194.12039131967762,24.40035058020812,7.905595660018534,5851.218267072204,0.9055837044761392,0.256,250.0,High-quality archive,63.44131299372563
4612,2948,13.596176,5216.297344633704,46.99226243373549,92.5001857089279,28.47364317664879,1366.076267126334,0.8657675682944632,0.256,5120.0,Website,55.203196934744
3500,3522,12.327,6576.0972611833895,192.70364404021535,93.07180322943171,72.0566817523835,6606.507341381078,0.9473261704267152,0.256,500.0,Cloud storage,72.04442397982906
2910,3875,11.27625,7712.145101708537,168.91928137820437,53.635071157742715,40.42511634795132,2735.0731277011137,0.877855844731626,0.256,500.0,High-quality archive,63.9962535002456
3729,678,2.528262,1452.5517759887302,119.75384965484297,89.45475908356964,53.2021227047041,294.47307618171726,0.8529311668820811,0.256,500.0,Website,51.23689983333335
4888,1780,8.70064,5773.926121348395,220.6666186837279,33.90883483068357,7.027646787503291,1117.5327361374216,0.8301325565924093,0.256,250.0,Email,35.93879699795751
2075,3684,7.6443,3334.556518196047,153.93801577282534,31.14938012876329,68.64785689525571,4343.632914113803,0.9718148971209255,10.0,250.0,Cloud storage,72.91924095501993
2000,2098,4.196,1592.6744294582134,214.68179384664992,45.26478578987322,66.20340352056034,3806.313010586747,0.8492494032689561,5.0,500.0,Website,53.642295897709715
1201,2822,3.389222,1280.4923202018,78.44266450580179,72.75254236101411,16.847589412242613,6559.8543584626295,0.8371699780532033,0.256,1024.0,Cloud storage,49.91853027752077
2689,513,1.379457,522.6769041593059,224.01482963762558,53.902449013646546,42.19161962066614,2981.274135866201,0.830692120752234,5.0,1024.0,Email,53.364586321351965
3710,2695,9.99845,1589.5043217426883,221.46354923807033,52.52040632101377,76.53394047043727,3355.1501539688966,0.9515541673750091,0.256,2048.0,Cloud storage,76.64528835257802
3381,3652,12.347412,6094.978212356614,197.68351072135542,65.485235429751,31.50923805654407,4654.580680845089,0.9274966701782508,10.0,5120.0,Email,67.55135599795993
3155,1930,6.08915,3610.3184615939435,131.09483980112083,73.92584744925864,40.69617608519455,1547.6912355982681,0.8409848270695536,5.0,500.0,Email,46.38835350295709
1313,808,1.060904,678.948956019879,86.79143450901942,23.857940688044348,81.39582608085558,1123.24046175389,0.8516267171607422,1.0,500.0,Cloud storage,61.19490649506478
1269,3578,4.540482,2558.6126100346346,169.5499352301007,29.014445428480293,32.32997578512989,3374.9142363024116,0.8637487523402676,0.256,500.0,High-quality archive,54.03135589634892
1818,2945,5.35401,2847.6162682493214,48.28700998060363,53.48984814105198,67.14131801195919,5248.531396219506,0.9504116953950006,0.256,1024.0,Email,70.17208449178165
1673,1266,2.118018,710.9382002932698,68.50755951938226,52.398763154285746,35.14892183806634,1724.4434590794697,0.8702154835378634,10.0,250.0,High-quality archive,68.22436411936484
1654,451,0.745954,225.79269574162944,105.16183985478403,33.87978100964421,65.57875016523184,6513.523264115285,0.899669096446222,5.0,2048.0,Email,59.687033047460964
3268,3995,13.05566,6262.857498545891,204.05809864257506,87.68865972445136,67.89902200022503,3253.473167958116,0.8225288888704214,0.256,1024.0,Cloud storage,51.61126974438168
2595,2170,5.63115,2555.7277807278892,139.91091362784113,81.92904328261544,11.909882467505518,1614.984779433541,0.9468807966335409,0.256,5120.0,Email,62.553228412480905
3472,3542,12.297824,7836.69529904766,94.72610909968192,47.13293072075011,24.982978595285186,4263.780817439373,0.8751425418418588,10.0,5120.0,Cloud storage,63.77362167626277
2962,1175,3.48035,839.6544564614842,46.00961546224469,90.94348184074059,36.036127897625626,5847.140199414652,0.9290127156303506,5.0,250.0,Mobile sharing,60.43766976639187
1437,3323,4.775151,1341.2715121156589,208.52418490337539,26.20443237515925,58.5721063852665,5710.5934384149905,0.8641931781530505,0.256,500.0,Email,54.18433388390066
4836,419,2.026284,762.9645930123833,83.07660248663987,77.06328691496724,66.29164614479072,2679.3101988553103,0.9536201265729174,10.0,500.0,Email,76.1071102647226
3031,2456,7.444136,5185.766255646159,42.34241886710807,31.639845896676846,45.551000683940906,5679.088118291851,0.883237544601423,0.256,500.0,Cloud storage,47.239260998860665
3836,1251,4.798836,1158.5955561855017,112.90926951384891,53.35336598447129,73.66878226091315,4513.654309047555,0.9304643127224802,0.256,5120.0,Mobile sharing,59.23820557260292
3401,1852,6.298652,4133.85425822727,81.71636153096114,73.38521970422933,64.87499733388705,729.6265822458295,0.8520899954114486,1.0,250.0,Email,54.78752970973973
1252,1256,1.572512,917.9608857717204,207.44492936419167,79.21764842306925,24.81453155497655,1955.234036135828,0.8607565360187948,1.0,250.0,Website,48.80693797440674
2761,1847,5.099567,1316.0605568956423,195.86749959656626,46.93562421262324,5.879578510992659,1175.4939132349368,0.9452648438674758,5.0,250.0,Cloud storage,61.76568004899128
1370,2611,3.57707,2194.8079860396842,78.25561789185068,19.04287909200462,74.12873023757186,2175.311589733043,0.9190266209877641,5.0,2048.0,High-quality archive,79.94733660537774
960,3211,3.08256,2049.752993272963,173.3912434918177,50.29781987844465,74.88760737763964,3715.830529004285,0.9512809510173766,5.0,250.0,High-quality archive,78.02571010045148
3847,1924,7.401628,1967.7447254708761,130.54623802626713,55.42215378344767,50.77683664379208,2795.9577709578416,0.9459026210320044,10.0,5120.0,Mobile sharing,65.90383934981523
3961,3051,12.085011,6241.230888547428,134.38719486306985,30.082418709932817,68.20904520378218,6726.352685120387,0.9668575994601174,5.0,250.0,Mobile sharing,58.88922548873766
4927,1679,8.272433,3310.1450766120192,222.45946190401372,22.504625920617993,36.81474297237242,6134.996359464291,0.8654482096842424,5.0,2048.0,Cloud storage,59.696674418689355
3206,3927,12.589962,7977.151087871195,92.25086795589692,76.61544908302841,30.622236594328033,4264.221739497969,0.9527352654537128,5.0,5120.0,Website,66.9911955067183
512,3704,1.896448,855.6929739515108,129.1649648582172,19.416796536638437,31.55862244383941,6062.446611779006,0.824942853925765,10.0,500.0,Cloud storage,51.88024457445377
4389,583,2.558787,1426.0945878710043,83.94639707458693,84.3287065722938,64.17757427466793,6205.650937465622,0.9050068407709768,0.256,1024.0,Website,65.28137938041057
3984,3263,12.999792,1891.3893465033577,217.11790585533595,71.80135040436987,55.11594902883516,5220.763322730187,0.9050580669912702,0.256,1024.0,Website,60.558242047578226
681,2705,1.842105,451.08534393175603,203.73115205282522,79.94018969754121,31.664216139066777,4071.3346128470444,0.9755753996693757,0.256,250.0,Mobile sharing,59.64233725712178
4553,3373,15.357269,3476.989873153437,75.23671105859896,22.20011128360719,12.849071668313517,545.5665125846755,0.9783716910727798,0.256,250.0,Website,58.22592711518708
2828,3378,9.552984,4401.412458820065,182.13926886817316,65.4729606218124,75.33835576697373,4487.349317964947,0.9340399510018079,5.0,1024.0,Email,69.1206792902902
2458,1004,2.467832,559.548922665747,186.34862866251137,35.85630250687557,15.589586799637893,1762.1480803934262,0.9547312242835584,5.0,500.0,Email,68.32272105487897
3370,3483,11.73771,2046.0525820152598,180.35463698382816,39.613237310322404,20.7630338630915,4837.865094548157,0.8672030733939833,10.0,5120.0,Cloud storage,62.42219700003872
3016,1621,4.888936,2368.500571158492,150.96372387013417,64.88370957141967,14.076542961836974,4870.106263627701,0.9279600570208357,5.0,2048.0,Email,62.17269954435059
3855,2008,7.74084,2811.086241580574,51.475181892207836,32.789434231744856,39.158935807439015,5213.198853513672,0.9527599856199858,0.256,1024.0,Cloud storage,71.62368528948903
2910,3859,11.22969,4655.163648730562,152.74668398213163,89.23764865326594,43.32863167585862,3724.1698898526224,0.9163195141644047,10.0,2048.0,Email,71.94522749055211
2285,2256,5.15496,2085.218465855344,210.12014700513836,54.48052643490729,41.40228384493514,6737.289920316179,0.8489415088515344,1.0,1024.0,Email,50.83134615137819
1397,2513,3.510661,1320.7423581303592,181.15609044666206,73.67731542398687,5.636225199833716,4011.381179978529,0.8446853000661562,0.256,5120.0,Mobile sharing,34.19045382621782
2247,2655,5.965785,1884.9247686310516,156.8966519332269,47.98068771712601,65.29073028912437,1653.219921028612,0.9000335438901363,10.0,250.0,Website,56.60075388425419
3878,1695,6.57321,1693.5811764671516,89.50955857705642,35.03464693855106,24.555449237102177,4097.9909536986725,0.9789636037033349,0.256,5120.0,High-quality archive,82.63393427021028
1968,2700,5.3136,3295.4055041773263,212.25735710616598,31.308850186363514,46.340421773281136,5838.21752989751,0.8903694467968747,1.0,500.0,Website,47.066004941402156
4933,3709,18.296497,10705.565025106866,86.1347951373331,40.668005925375,47.87719297879973,3947.4027532059845,0.9008804510971307,5.0,2048.0,High-quality archive,71.17945636229582
3521,3097,10.904537,3490.798093339388,97.82862941980699,25.17807695134624,18.474401222371377,5961.120108503435,0.8564588458484533,1.0,250.0,High-quality archive,54.3105588905264
3892,1036,4.032112,1251.2693122249686,68.6302681130548,67.46982887862725,25.552545331680733,501.38011550910824,0.828789598271627,10.0,1024.0,Mobile sharing,38.76592262743087
502,3455,1.73441,379.1010210382765,150.24760368713166,50.57504224085966,39.313824741016006,548.9901394023187,0.9628883975605204,10.0,250.0,Email,71.73527853491944
450,2538,1.1421,506.1916934519994,63.50751986715993,31.223236208732708,57.11887202744336,5087.476914615768,0.9159082893727896,10.0,5120.0,High-quality archive,73.45710260308475
2973,1480,4.40004,1768.9162191296448,103.33659579665608,32.9532714139749,6.7689864458914855,2497.876830277613,0.822950048460031,5.0,500.0,Email,44.25274317222904
2420,1291,3.12422,1789.2083285321792,188.99874597536152,71.93646567355103,11.429411083869454,3351.4059858303067,0.9165449531980173,5.0,500.0,Cloud storage,65.39718226254284
4377,1204,5.269908,2051.521478702247,113.64676062037417,29.133358506172932,70.60207450004641,6483.522347720235,0.9687316664907555,0.256,1024.0,Email,74.92157026106072
482,2266,1.092212,149.49057796275932,179.97366638758214,92.61612580558747,77.28398194305782,6796.43562031368,0.9080517609116223,10.0,250.0,High-quality archive,74.81511828410892
677,2609,1.766293,848.5270586184623,114.27818587315038,60.747358121688734,15.593541885061391,5191.401684634745,0.9367649227270067,0.256,250.0,Cloud storage,67.42508368874668
4305,3001,12.919305,3978.656757823135,219.19713090786163,73.64995796476363,33.257061370628286,1264.9113343193853,0.8551327347523345,5.0,1024.0,Email,56.12266454934784
2796,3042,8.505432,2149.228566230843,198.31661534959062,45.256041840774486,72.84121898570653,1729.81220596886,0.9682672780930051,5.0,250.0,Email,68.7533916109985
1586,2718,4.310748,930.4362613556357,51.796435233128136,68.9356153955853,30.85834771542049,545.1491176978083,0.8960488988613766,10.0,2048.0,High-quality archive,74.04313682500683
2752,1606,4.419712,2705.078799976371,133.81366332968275,82.41855750451776,39.60393835578418,6673.177372842719,0.8385438184510798,5.0,500.0,Website,40.353122541583694
4471,1418,6.339878,1375.9651276042187,165.63144767087564,18.78980053835918,26.50068872293269,1021.5237537655834,0.8905723887387654,5.0,1024.0,Mobile sharing,47.32145389825689
1636,1406,2.300216,341.0411708815145,151.7333602416853,44.89744023058811,56.4094698966838,805.2354470896657,0.8597270796616467,0.256,500.0,Email,53.348515316493085
2500,3153,7.8825,2722.358981299463,135.783824124585,62.48124739537538,4.790174114956551,3630.1769690810133,0.875173001503814,10.0,1024.0,High-quality archive,64.06986569165073
846,3218,2.722428,1816.3234402404823,39.231075919624004,63.10982102490783,65.63521351764535,2029.4127411167315,0.9211768081226082,10.0,500.0,Cloud storage,78.76122937758537
4674,3053,14.269722,5474.072609579954,138.92767963986145,26.7394586566122,30.57543809504366,6914.149761907409,0.8225968730147953,0.256,1024.0,Mobile sharing,30.56681267288002
2757,1566,4.317462,1742.0317878822937,220.8286916997162,52.99014691805631,13.735547596012921,409.4643670814179,0.8625295061240105,10.0,2048.0,Cloud storage,55.02262792198124
2718,2372,6.447096,4256.1158364591765,130.45846878987828,92.69081214418622,24.224522253466773,3556.5894159423633,0.9575249266894921,0.256,1024.0,Email,62.132253006804696
2302,3479,8.008658,2820.945645981352,135.83742530144445,93.12216531321165,18.29163016998084,2144.7344252052903,0.8826940335856084,0.256,1024.0,Mobile sharing,44.823005824588996
1320,2064,2.72448,1402.135293174604,85.06033135597036,43.41742672969598,31.606573467804594,5031.424663637085,0.8946414821021349,5.0,500.0,Mobile sharing,47.23697876254951
656,2459,1.613104,406.31439128228936,206.0173428472997,42.41202368269125,6.196308958060272,3487.4715566224477,0.8581546309945187,0.256,2048.0,Email,45.283727083158524
3836,1468,5.631248,3739.3578967095286,150.2410990775095,71.82873536182635,61.51410201240823,6950.015303029592,0.8746461219522597,5.0,250.0,High-quality archive,67.68045023269629
4196,2319,9.730524,2251.7417102412514,151.4907896088865,16.129978678145918,79.06880900124617,1888.7912308577684,0.8373199106359771,0.256,2048.0,Website,47.40856655233369
1505,3368,5.06884,1466.0719623568355,71.65892993376161,45.28967419476149,34.58375446318948,2406.1037971900096,0.8724678213649126,1.0,250.0,Mobile sharing,39.817301532743414
1439,1127,1.621753,910.2740229508715,223.2538554547132,89.28209400458633,44.34598715409703,3746.1757976566428,0.943830310182025,1.0,250.0,High-quality archive,85.17168323330442
3917,2124,8.319708,3141.347621694768,180.70635794036755,79.51189830367029,28.293689044815512,6508.233595842742,0.8350946404223448,10.0,5120.0,High-quality archive,65.26325734073362
566,735,0.41601,209.69021466765193,41.49408807636943,76.61495595553463,68.53627957604253,4236.751258985561,0.8356613248343775,10.0,2048.0,Email,56.607379596628654
1669,3466,5.784754,2229.9253091017426,85.39055666138754,46.41880096814024,37.85841582336913,6161.911547739412,0.8632545552844222,10.0,5120.0,Mobile sharing,47.86828070199914
3882,1580,6.13356,2554.2098490324447,114.37122440893953,35.589785044411684,44.21970463327749,1105.0220448978773,0.9105264350998544,1.0,1024.0,Cloud storage,70.9789414570546
2301,3874,8.914074,6086.2605215739795,184.09718396175674,92.40744207979778,71.72719749608494,1037.6222846689166,0.9042336145016021,5.0,250.0,Website,59.89308110012422
1795,2502,4.49109,1258.2512112926388,211.62380468136254,24.214884265140853,49.23671708464775,5061.2318549337415,0.9156569653129926,0.256,250.0,Website,48.23617213328524
4153,2231,9.265343,2569.998526176303,160.95564579201493,24.494189366307594,79.83821731498156,6268.363642917386,0.8497559071801134,1.0,500.0,Email,48.62694198140003
1933,2985,5.770005,2205.9532798302166,64.69535117258526,23.332119504229727,84.9807576269762,3214.6972440322365,0.8971801607406583,10.0,2048.0,Website,63.984056313771404
4642,3633,16.864386,11128.645529529294,215.02367855850915,40.17739579722907,32.123520733497486,3194.529132101568,0.8865858688107665,1.0,250.0,Mobile sharing,45.39930484120276
4351,1311,5.704161,3034.643732335517,47.75957876964485,18.10010652227436,56.60589875130749,2406.1602101341596,0.8350433923470129,5.0,2048.0,Email,48.62177556106318
4769,1847,8.808343,1830.2698761717313,95.83058408964519,44.46753313650753,47.04815716279912,2113.2359742765293,0.8297009187503048,1.0,500.0,High-quality archive,64.75782643545351
3457,1789,6.184573,1498.3175715466934,84.76031116729973,65.1561872345815,34.828614435401335,2450.4145825279697,0.9434976865350281,5.0,250.0,Cloud storage,67.88197705351281
2142,1356,2.904552,1241.779239120433,207.86153953833343,78.49380994051415,7.8149318953122755,3032.237156711335,0.931730945258974,5.0,5120.0,High-quality archive,79.1813409795796
486,734,0.356724,160.64895167895563,59.047120503552456,75.12156482235147,44.62951379186578,5077.848010222141,0.9206316827460443,10.0,5120.0,High-quality archive,78.86454481979013
3217,2527,8.129359,5083.781294804366,41.92173717974783,59.495223743823146,20.734083403399218,6029.403940933395,0.9237436296325378,1.0,1024.0,High-quality archive,67.1428705701181
4526,1620,7.33212,3894.479630524594,73.82831359021137,22.48663562706982,75.81835817465918,5361.261929581812,0.8667698469487987,0.256,250.0,Mobile sharing,36.77098557670303
4871,2512,12.235952,3736.2263674449446,91.83377739163923,18.16188949521844,62.735513085958374,350.06781414534754,0.8207771740443646,10.0,2048.0,Cloud storage,54.80149992547778
1840,3123,5.74632,2291.8330123075475,127.34859741656588,49.89091381192843,29.62078070304736,3675.9137885915893,0.915706860806524,1.0,2048.0,Email,58.858824789734484
4531,3375,15.292125,5341.07406714165,69.3341771956938,43.169637914042696,26.572787520970685,1263.0330648061786,0.9422521685474065,10.0,1024.0,Mobile sharing,51.97261062602114
4276,517,2.210692,371.7885819498674,111.62198075676538,21.42218563232297,24.54382690601635,6902.906714382534,0.8516988386259344,0.256,250.0,Website,37.356967219450105
3038,3395,10.31401,3555.642613273568,192.08484838003994,26.08644411539703,38.128196959000185,4843.844846686405,0.9589178304452639,10.0,500.0,Email,66.98638062329542
3405,648,2.20644,501.04254380087445,48.13625086856175,73.23047135988176,26.620917435215535,5080.029766833272,0.9580076480653321,0.256,2048.0,Mobile sharing,55.851846628049756
4243,1482,6.288126,1019.2085346000819,197.18973289787945,33.77627912415166,47.95841206437147,3012.3972121013944,0.9472840841965763,10.0,1024.0,Mobile sharing,61.39142477621626
4490,3960,17.7804,3832.9892353699597,192.83374836172698,19.139979648310785,42.1671991049836,6210.027026334514,0.9296343390985813,5.0,2048.0,Mobile sharing,61.442816537503276
1611,620,0.99882,426.7185070869045,122.82330672729695,41.151868150159146,28.049410214435948,1793.427597003099,0.8784075595015614,0.256,250.0,Website,42.57265524558806
1375,2567,3.529625,728.0143200889257,166.83327349971026,82.81331743983786,22.47792510828523,1096.6741306439842,0.8275600542170376,0.256,500.0,Email,51.26198186212927
3906,1370,5.35122,2977.4211982590764,48.653811509782415,62.37062599229334,64.99817315911551,2546.4705610107767,0.8217495553777061,1.0,1024.0,Mobile sharing,41.59809163075158
4867,1327,6.458509,1537.189907907023,58.54591962316784,59.42044959200449,51.90849814754242,5556.282318334296,0.9628066391672139,10.0,500.0,Cloud storage,75.23642846231635
4106,2296,9.427376,2823.733068204925,97.65922211478546,89.5555495383997,58.91546421550003,6823.403372095186,0.886706005874999,0.256,1024.0,Email,68.34447315206674
2002,786,1.573572,416.8709096307933,135.25090851485163,20.3899444106405,79.37987820332891,910.7135895064271,0.9424513958301818,0.256,5120.0,Mobile sharing,56.59370191409964
845,3743,3.162835,534.8793256985216,166.45094164427405,65.53028337370543,65.10265348467333,5805.975074800885,0.9349360901077048,10.0,1024.0,Cloud storage,75.29693272452178
4639,2910,13.49949,9118.551852094195,146.6291383004861,68.14758947474031,38.84449946038366,5305.039627714367,0.8456622918508377,10.0,250.0,Website,45.77696942537575
1331,1616,2.150896,980.3671630333272,44.32406906761187,47.342116506435914,50.804217489375986,4117.07989156949,0.9251734338829397,5.0,2048.0,Email,68.00289299716478
1713,3244,5.556972,2701.3194515773675,137.12645588206885,63.49571431102487,11.297856073773252,1948.4379580423638,0.9596779544642731,5.0,1024.0,High-quality archive,79.65682051762184
3523,1835,6.464705,1657.4899360994705,174.46314635985735,81.19526820069977,51.66341435237781,4159.970137774382,0.8741746309137302,5.0,1024.0,Email,57.03630536671872
564,3003,1.693692,721.952450776616,104.96415338719048,19.030379063084347,14.72660690876358,1391.525067298626,0.9710629835322039,1.0,500.0,Mobile sharing,62.3148369556776
2723,3800,10.3474,3340.494073607725,189.9888207547008,45.66742347284063,66.3454760938379,5628.7995840818085,0.8377313231517927,10.0,2048.0,Mobile sharing,45.21563826637693
1260,1847,2.32722,370.1167186014797,210.42751114899693,85.69330252579863,45.81559867113815,3888.159186390867,0.9511121208871419,0.256,2048.0,Cloud storage,72.4431958852424
2693,2658,7.157994,4808.617779873986,192.53859316569256,37.175851216843185,7.372656964533933,6585.442317140355,0.9699300359807522,0.256,1024.0,Cloud storage,62.08976998175998
4450,2065,9.18925,3393.2799727789925,57.69520282645307,22.740231868887683,22.08403602744737,5864.653187525483,0.8562717843063536,0.256,5120.0,Website,42.844506223026485
2923,1665,4.866795,2195.3638110532274,104.93772148935695,65.09274286723753,77.80083791351146,1099.4022634737203,0.9661493855700902,0.256,5120.0,Mobile sharing,62.98716552611834
1572,2672,4.200384,2030.8167556729065,156.4504053879353,70.23964409742504,4.351540448884875,6708.743425166515,0.9450345343043874,5.0,250.0,High-quality archive,69.85919504878228
2135,3305,7.056175,2957.231426893523,118.02796477917583,42.17736433296614,23.48573920039721,3716.4368777554205,0.880044502350959,0.256,5120.0,Email,51.61402895865319
3231,1550,5.00805,1490.1826797558647,138.22874348483182,54.94242055793183,55.78671816479039,6652.512305490744,0.9308434510807995,1.0,5120.0,Website,66.98223446488248
515,1319,0.679285,100.30799808924223,152.35719750519138,69.26484867213665,64.23200061671983,3640.192808658935,0.9166311463965803,1.0,500.0,Email,67.25455667187704
3739,759,2.837901,1428.4508753237378,224.1555069212975,16.264259133063696,48.721846739763386,5269.510832533777,0.9072327841956224,10.0,250.0,Email,54.06583628059134
3251,3283,10.673033,2131.4584416886346,210.97461729222405,17.0813922841256,71.56837957853757,583.345964589896,0.8511405138567876,1.0,250.0,High-quality archive,61.883412240946974
4388,1603,7.033964,1579.9405732833138,120.7071305527422,47.189670653774705,65.9482046812968,6257.255627186725,0.8399056621962437,5.0,5120.0,Cloud storage,58.76768347638634
1758,2185,3.84123,1390.171207887638,214.07587765436145,91.05318731755885,36.71866051800918,4688.408372286642,0.8930792957366398,5.0,2048.0,Mobile sharing,51.77776337257954
868,918,0.796824,382.5498780378502,79.18492986418208,68.2841839415319,31.800280051826466,6212.186628988359,0.8988540480110051,10.0,500.0,High-quality archive,72.07117534983853
3955,886,3.50413,849.9784859655311,198.56837201898884,80.84540932547318,76.9762728095381,6148.465019508603,0.9735354019295192,1.0,500.0,Email,83.15432443687092
4542,2456,11.155152,4136.577981805053,141.47104023389588,42.40818853202222,26.661346570798074,1727.134648943825,0.89945038354355,0.256,5120.0,High-quality archive,70.12864315946862
4483,2916,13.072428,4892.983177132646,123.23630900026647,31.742187805756075,70.48074192983397,1428.76159480662,0.9346596410763701,10.0,2048.0,Email,75.26064872495944
1719,3506,6.026814,1783.3264331470718,202.507272036144,73.35283676794432,68.49748587646438,4668.828981214833,0.9788958180348217,10.0,250.0,Mobile sharing,65.35033412510724
2332,1816,4.234912,1643.7217805530136,211.12030994917728,46.55407436580758,49.368205134651475,786.2993810871827,0.8561240310506025,1.0,5120.0,Cloud storage,59.89842231729635
4597,1818,8.357346,2258.231612717245,128.40596351651635,79.4653569080498,76.40345765744665,537.295302707078,0.8947637388627735,5.0,500.0,Cloud storage,63.4838073694713
3225,1426,4.59885,1834.8124101831233,145.57983446371867,55.07865688254214,41.71584498369299,5733.955404208661,0.9393036785980572,0.256,500.0,Website,60.231105206787646
3081,3473,10.700313,2327.2170351215486,145.70966772884418,37.8249594879371,63.61213039799125,1709.5580390428486,0.8608199449692214,5.0,1024.0,Cloud storage,62.4252672395629
2751,1799,4.949049,3113.7977965841037,222.51947042873996,84.98806790441306,16.601014437314113,5746.624625769383,0.8251439032160898,10.0,500.0,Website,37.97872243032548
4316,2879,12.425764,5388.582209314984,108.6941647656979,79.98375571762288,61.18378912375411,3305.41697132893,0.8567916828509812,10.0,500.0,Email,55.12124214819525
1183,3284,3.884972,1052.5797325442675,82.43737199742704,26.159907836975194,73.56621153243783,1623.4629058587718,0.900508564275982,5.0,5120.0,High-quality archive,77.9247329248506
2344,2403,5.632632,2376.9974834578693,188.4150015179294,43.422523164222156,36.64799142972141,1217.1689651621025,0.9455534254701037,5.0,500.0,Website,56.89040840353848
1028,2263,2.326364,306.0172392899743,91.76422341830013,59.403382804203815,30.395696492116173,1940.7140647848023,0.893605997584514,10.0,250.0,High-quality archive,72.63497670470223
1581,2944,4.654464,2131.3634184429093,52.69077286312087,82.55268913324586,17.34818267397403,5365.443404247344,0.9452418156889764,1.0,250.0,High-quality archive,73.11774082652806
1348,3174,4.278552,636.5352773890289,77.80649436864334,72.92098017474785,71.66544522104489,611.4582793677826,0.9611324335100967,1.0,2048.0,Email,81.44796330171161
2739,2914,7.981446,4104.596272334453,134.76771433552412,67.2229779593052,78.36699249446163,748.6279098461235,0.8315927957753394,1.0,1024.0,Email,49.72976929302956
4746,719,3.412374,2079.6318762259352,223.29004713453284,27.94259662338126,68.56003366889475,6217.589142050318,0.8278200602961401,0.256,2048.0,Cloud storage,50.205070168915825
3417,2734,9.342078,3951.7687955979886,84.35102789646102,25.817708960318882,12.58967311331508,768.0938610740174,0.8762257362239261,5.0,500.0,Mobile sharing,37.200465750719296
1396,1259,1.757564,768.6283049352365,212.64198520451166,45.833138515313706,71.54076364408202,572.2188851287643,0.9383729750461607,0.256,5120.0,Cloud storage,75.95586612816878
775,2486,1.92665,938.7730375664767,102.1250143930199,69.35881746064831,66.17242142086882,6987.687943769085,0.8298086505237507,1.0,1024.0,Mobile sharing,42.686807852665076
3140,1399,4.39286,1394.3137490717568,173.89567589819802,29.704649910280043,16.591741641072907,362.5014853668509,0.9597183898166209,0.256,2048.0,Website,60.99821135187453
2443,501,1.223943,548.8703218368247,88.6815362444751,62.7381080345543,38.637542405839156,6467.022308056269,0.928663258950223,1.0,2048.0,Cloud storage,69.25801085078614
648,3906,2.531088,1395.3193070264992,123.3903695970789,32.59947514618091,69.62633990033311,5167.660975171805,0.8555126463297518,10.0,1024.0,High-quality archive,71.23231897318975
1329,3375,4.485375,2331.4596650671265,157.2018332726105,66.98619380506227,25.178546509363272,2633.3932558152615,0.9459105817299398,0.256,500.0,Cloud storage,58.89440270182155
2391,3131,7.486221,1866.8655100876579,146.68616661811555,33.604241216294064,8.265125828368081,5384.176541067243,0.8802351095050185,5.0,500.0,Website,49.414273491202195
1834,3334,6.114556,1913.1041252414054,179.02688013898884,90.16358726236346,57.19119206583355,3050.1835141803213,0.8932635791602217,5.0,5120.0,Mobile sharing,55.996617448088564
2306,1172,2.702632,511.93964319939374,113.82188104997138,24.908550490344155,36.65620083154663,3920.68936243348,0.9689137889929035,0.256,250.0,Website,67.53412116576689
4496,2047,9.203312,1302.7181660707747,82.41415342835687,24.478820188384127,20.777119949978466,1958.2631920533813,0.9046463029582225,1.0,1024.0,Mobile sharing,49.50817437074152
404,1101,0.444804,197.1877682108293,97.52422537624126,58.87181888277745,21.18951077832358,218.39401090871482,0.9706187042032395,1.0,250.0,Mobile sharing,60.97135843348208
1290,927,1.19583,824.3186462415189,152.35544563229928,63.82319613630805,83.90925252451943,664.6494464588507,0.8526421034486465,10.0,5120.0,Website,55.478689851399714
3266,847,2.766302,1827.9964207738547,63.35326840364873,94.76552088609948,34.08825500950698,4558.985582025453,0.9748650770373376,5.0,250.0,Website,65.62890394616387
2209,2444,5.398796,2869.4936600024935,63.34499493840619,57.67099446648258,58.22812460746998,3220.9187863443885,0.8590590520136923,0.256,500.0,Website,43.39736277745521
4330,1400,6.062,4241.292368770106,36.42176926028566,27.88365462559519,58.279832673237024,466.9363003681704,0.9143663974169374,1.0,2048.0,Cloud storage,69.11425421450865
2584,1714,4.428976,2336.0674158653405,147.91594132262588,31.610973767513578,49.177114573979,6179.255159115546,0.8954866411830155,5.0,2048.0,High-quality archive,71.62856702164662
1879,3691,6.935389,945.8237260535319,222.45892432974324,32.798580170299196,69.81982730020056,1222.0819285446014,0.8653761839368918,5.0,1024.0,Website,58.68850922934313
2877,3274,9.419298,6366.36451355773,201.30595189366122,27.286229355820524,66.68847146064181,1078.2310474677445,0.9028605721069725,10.0,250.0,Email,60.09644640924326
1947,2287,4.452789,1208.1742831188874,208.66381202344925,78.7809753817782,82.523084035559,750.2925717935426,0.9147485989609071,0.256,500.0,Mobile sharing,54.97008563483625
1956,1553,3.037668,885.7091517136844,144.03060738467354,29.665452949563225,41.46894183171358,4573.145242056042,0.9688950833403046,0.256,5120.0,Website,62.158877757140125
2726,1099,2.995874,1601.8954350769666,171.06487878863922,85.0079917649178,53.315645673847776,1983.6092044636578,0.8359215428584731,5.0,2048.0,Cloud storage,62.97257340758332
3829,1268,4.855172,799.1763390404786,139.28864191124774,27.82704999542944,53.05340019354481,5546.51265949971,0.8695269613020203,10.0,5120.0,High-quality archive,70.67198188501264
2925,579,1.693575,852.5709199417269,74.91655352647138,93.33945916694354,11.04254582145646,5813.086931361679,0.9150553579121901,1.0,500.0,Email,58.31412621510855
721,704,0.507584,290.0427181860852,147.09719222617258,23.860025471712127,9.519456173574358,5268.312517383414,0.9622882961227541,1.0,1024.0,Website,65.4637883075993
3905,2301,8.985405,4799.090216785481,215.14806005781847,22.32478674964551,29.745336644292415,1680.9722449580793,0.8829200215041066,1.0,2048.0,Website,49.39916540019269
918,2454,2.252772,696.2603812498334,61.844960746549106,36.35469191501828,73.49378470184294,4236.797886966203,0.946384957077694,1.0,500.0,Cloud storage,77.21839064878036
696,1777,1.236792,855.4368343167009,169.15873065462443,64.42287491108434,3.4087671541467777,1330.9545145245088,0.9216866068756925,10.0,500.0,Website,55.38013797825735
3495,3153,11.019735,4242.696287547603,177.4078457322714,93.03234590609773,40.80042762552059,4515.554920825307,0.8597879459257877,10.0,500.0,Cloud storage,59.565339059047844
4478,3369,15.086382,8693.041067267672,151.77518165796096,54.64278433220344,53.62246219390626,1104.0627760171399,0.8544913136528349,5.0,500.0,Cloud storage,59.53256409827112
4090,1990,8.1391,2192.276597858603,202.73377310747023,44.913747223457875,39.57460097685107,2897.4224820155123,0.9370603224688373,0.256,250.0,Cloud storage,60.926945143944415
2462,2312,5.692144,3386.741769881863,172.47627727744262,84.52734964148232,77.35819479565512,2395.5534593718485,0.9177533885466718,0.256,2048.0,High-quality archive,79.51654883247137
1498,1199,1.796102,350.1090174711245,160.26969722412605,77.47351928246239,65.39814432039431,2248.1138714355716,0.8925782685527395,0.256,2048.0,High-quality archive,74.31668928342792
2915,1806,5.26449,3433.2542569964407,196.54985317583612,92.1664963549049,41.17099976786271,379.9408071600059,0.8333699251437565,1.0,500.0,High-quality archive,57.83840935001125
4716,3831,18.066996,4361.177085617726,217.2820617398939,75.86710722569657,55.55754511426832,4748.33177262118,0.9234283260893251,1.0,1024.0,Email,67.70544768841137
1258,1412,1.776296,489.2919451933529,170.12093165688992,67.51589744529454,40.00651130415103,4445.501331100965,0.845518891481737,10.0,2048.0,Website,49.738279964567255
4988,1382,6.893416,1533.389122299653,98.15165565687127,41.50008482490625,40.24267895958608,1373.415557431129,0.9066781714661165,0.256,500.0,Cloud storage,62.9950231017805
992,3038,3.013696,1124.9328669616466,206.21000949862858,22.865327290069153,6.522525444802855,5063.513698721187,0.9417634516770395,5.0,5120.0,High-quality archive,75.18155543749022
727,3196,2.323492,800.7382580055074,92.63415020961773,28.841913707463753,84.67329191840722,492.4619457661022,0.9223191096784844,10.0,250.0,Website,66.3666118385877
3781,932,3.523892,827.2741006387472,35.156677198590224,62.882279123461295,32.016408424513386,910.3219512641069,0.8497822006566782,1.0,500.0,High-quality archive,65.70965016348725
4320,604,2.60928,1701.602722139244,94.29952237720228,93.57845579788679,82.07809468309279,1040.8704121734409,0.916128782260331,5.0,250.0,Mobile sharing,55.1738823114795
3576,639,2.285064,396.8791403850704,149.78549899124351,93.92728606792728,58.102732087951196,4989.7926684024105,0.9775336066469249,1.0,2048.0,Mobile sharing,68.59386677326246
988,3521,3.478748,1175.3528477802345,35.82908808779592,55.57873420486565,79.83523007185362,1838.4482760051333,0.8478043020451824,1.0,250.0,High-quality archive,64.54808278646847
665,3781,2.514365,1565.2486557777227,62.22677945797331,38.0654854248375,18.992416346875842,236.64764963867412,0.9085490191819173,1.0,2048.0,Cloud storage,64.353214278729
3895,1796,6.99542,3122.446571552172,52.87886826088269,27.344297497814757,79.40715880334464,5342.478847348283,0.9666688455198987,10.0,2048.0,Website,75.15515695144616
3387,3453,11.695311,1544.497501224847,46.888512010770285,23.75898605606522,10.818983160994541,2494.3316164093308,0.9322033291374971,10.0,2048.0,Email,69.07734674043152
3498,927,3.242646,1803.8966590016419,102.4123646361438,16.039467893743698,26.008266883685447,2347.6738512797965,0.9498992245100137,1.0,250.0,High-quality archive,74.57908207768288
3895,1077,4.194915,2476.951863641251,163.6634327160315,30.58701491851135,56.143702283084345,3410.4059049755833,0.890296009896996,0.256,250.0,Mobile sharing,39.388784236262886
2085,759,1.582515,353.8890160044909,60.183799712204916,91.3286623256006,26.358904616398984,2518.6700489922537,0.963720071228503,1.0,5120.0,Cloud storage,75.2622603485574
2989,3232,9.660448,1888.1902485396606,140.68150601759316,42.6429593432014,68.75636034624137,6161.992691936027,0.8956117617451315,0.256,5120.0,Website,61.064331858870176
2302,1375,3.16525,1293.688457467775,42.08895555655624,79.3200928210454,11.317674170062517,2195.8019950958846,0.8268760201035038,5.0,250.0,Website,32.98907056161354
764,1472,1.124608,452.0218285854959,99.35217034994257,33.246352636513315,18.479869624820566,5355.708491441427,0.9722467509040452,1.0,250.0,Mobile sharing,61.9726341484248
1838,2541,4.670358,2315.3133102587726,169.88601184709054,71.32951122836647,70.22451087122644,3410.1071268664973,0.8718123203941465,5.0,5120.0,Email,62.473372854401404
884,2108,1.863472,535.025133950083,52.903674244759046,30.258172585817444,55.37593485758523,4417.912579924181,0.8873687860793139,0.256,250.0,Mobile sharing,48.80305789783885
2530,1669,4.22257,2282.98194689272,145.01505555781984,54.325261386959916,42.93253074900961,6765.763366459911,0.8995167296736204,10.0,5120.0,Website,59.53783662984114
2604,888,2.312352,721.2900260195531,83.62842555734132,94.95271403101371,61.932553063371,379.17822443005144,0.8299016763240922,0.256,250.0,High-quality archive,66.52329205844194
1875,657,1.231875,815.5398857903589,213.0122426043088,58.68432533984638,53.56439237446797,2078.6660906004863,0.9379936712306904,0.256,5120.0,Email,64.40592060717432
868,3249,2.820132,386.6553995396578,117.46676699370003,71.61447280640614,68.710612376599,4249.935761402503,0.955499872498226,10.0,1024.0,Website,75.19803496546932
4482,2223,9.963486,2561.9170631189772,214.38767286548853,36.99766990696932,5.148521703399036,1736.5845985374372,0.8762159493262822,1.0,500.0,Email,46.805189737830396
2813,3304,9.294152,3967.1088368778073,99.62640120081107,80.74184474985603,15.923324089655226,769.3963647549066,0.9004792405180162,1.0,2048.0,Website,56.6392454553217
1030,2522,2.59766,1483.5089854631117,109.61491112657552,17.629413621317518,12.520143247927637,319.1220785415234,0.8992786146029892,1.0,500.0,Mobile sharing,45.13187078574942
2039,3765,7.676835,3964.5279167278823,161.7228110770472,40.44513176869436,31.389585339609503,4116.777360407058,0.9154291948625346,0.256,500.0,Email,51.51959234860926
3097,2898,8.975106,4478.794813690171,60.659652889157194,50.28335037403147,76.2018984542684,302.3244489261027,0.8461085051302629,10.0,500.0,High-quality archive,62.152626250163586
2733,2602,7.111266,4634.954315680894,121.43579319351807,91.3414621408492,26.512999880295865,6070.6166252410085,0.9675823318393009,5.0,1024.0,Mobile sharing,58.695822987659625
2985,2866,8.55501,3789.1636238959118,214.46063651199893,50.141764944839345,25.018119106465402,1011.0946603840445,0.9758575390368931,5.0,2048.0,Website,69.13313304639573
530,3507,1.85871,320.8606957257185,55.9323085701653,70.3565678759767,56.13299682345465,528.3505364479076,0.953507640344185,1.0,1024.0,High-quality archive,87.43111118904079
629,3560,2.23924,1328.159141157699,133.02079028644005,35.13685133995458,44.48999132071287,750.6390757223714,0.8414363550766412,5.0,1024.0,Cloud storage,55.055341688717114
2751,2103,5.785353,1517.416301945083,152.8059931152174,77.9429369618007,7.6988422723231436,5959.47161182992,0.9577228311927367,1.0,500.0,Website,65.1601221510127
904,1849,1.671496,364.20026240537095,135.44585952699097,21.908773960127732,75.034716742471,6473.81382789678,0.9100044993209565,10.0,250.0,Email,60.026685430630565
2964,2013,5.966532,1033.9437226470438,141.76877548422377,41.30284782480827,29.431779370259626,99.2432114811389,0.9153983055276692,1.0,500.0,Website,57.563385418938786
616,545,0.33572,113.36797701900359,202.0040857534269,41.93366460778979,58.68408522980668,5308.001395643256,0.9514625176019266,1.0,250.0,Website,66.78907217387265
3582,2703,9.682146,1452.3387137823781,223.26451038015205,77.58271388028476,79.88035121938165,6321.0072741802915,0.8232708773028401,0.256,2048.0,Mobile sharing,47.12601600299463
2568,3242,8.325456,1114.1791003679232,89.75786722810722,75.10590206330417,68.02770466533036,4357.0164784416365,0.8696580146060581,1.0,2048.0,Website,58.25731466960122
4847,2211,10.716717,4767.113661271917,112.80544400423386,59.213725167793136,38.45150466693975,5795.668691235197,0.9654481631677254,0.256,5120.0,Email,73.7960135891522
1704,1991,3.392664,1804.8525785279426,194.28148234622225,60.03857936531017,60.39844378942543,5260.618987512674,0.9393813689166894,5.0,2048.0,Website,68.20079320964356
1359,3844,5.223996,2495.5758674503663,59.535903022658616,80.30856580606617,61.798671248124656,5320.181827072277,0.882726793897897,1.0,5120.0,High-quality archive,76.89538058137127
4861,2453,11.924033,1554.4898347925905,157.52589178879384,72.45406337023493,49.50296797008097,3501.0837784531313,0.9290196347464387,10.0,1024.0,Email,76.6347941292361
1679,2569,4.313351,2989.692229169101,219.53965009108498,88.51277782480719,64.94046638047521,4285.534111053923,0.8475473061892679,0.256,1024.0,Cloud storage,59.435784951175506
2828,2275,6.4337,4020.3953458413835,55.834620846422666,45.47522784389073,44.4890823246799,3054.660806290301,0.8445645270471408,0.256,500.0,Cloud storage,48.255425300866335
4253,2144,9.118432,1271.1095814417915,124.96032637892205,28.150298073955497,60.82032757193619,5577.498064567872,0.8565274733531368,5.0,1024.0,Mobile sharing,48.92158489694403
1461,1492,2.179812,1387.6975977446928,138.37863738163907,85.871095611536,21.47031994271957,2343.6691855782287,0.8968128120311268,1.0,5120.0,Cloud storage,67.51999516820081
4989,1279,6.380931,3970.8454647094336,140.1077399921796,42.5229734607323,45.576540551640285,2082.650548405619,0.9478571917503903,10.0,1024.0,High-quality archive,84.97965411932314
2752,2641,7.268032,3075.5551016388217,170.10317725575393,55.31463715441874,77.16952073439467,1331.8994281635469,0.9499504882961907,10.0,2048.0,Website,74.86632028781518
4359,2435,10.614165,3235.84737226298,179.7701539271933,26.236012671121813,28.178257108925713,3147.842010350143,0.8715711549029475,5.0,500.0,High-quality archive,63.857960609892324
2342,1324,3.100808,1720.3601178937765,49.00529313121385,76.25912860120486,67.94590591204138,2841.80648974225,0.9664221445992158,5.0,5120.0,Email,79.12389772632879
4083,810,3.30723,1899.123252119917,90.59297207133348,79.31061922470988,29.901833689997176,5651.63454757949,0.8338880709361157,1.0,250.0,Email,45.40780862725323
3009,3530,10.62177,6725.949882328565,215.74319004525734,50.065304753159026,26.52051548377248,953.6737153744258,0.8552077312762572,5.0,1024.0,Mobile sharing,37.084695297914344
4703,2202,10.356006,2801.2088656306396,72.80177520270706,33.06227492637682,56.795903615016634,2326.2089442763872,0.9184039011045397,0.256,5120.0,Mobile sharing,58.46576912865634
3043,2900,8.8247,2985.721464813987,65.35030884831474,40.646724995992486,82.07117719373686,4371.589121949303,0.8921464427459366,1.0,250.0,Website,54.754121886663945
4243,1628,6.907604,4383.170657553834,162.76351872119017,66.41837846328764,18.560987251282988,789.4013469362341,0.9744227387291838,5.0,1024.0,Email,67.04645724488931
2573,2520,6.48396,1071.362981373019,191.20418204178029,32.331642845146874,68.97277251807165,3763.9301806820936,0.8248335917187313,1.0,250.0,Cloud storage,47.71453120031405
4152,1979,8.216808,4608.399285833008,101.50821225086597,46.146720447332,23.259542157018956,6021.290426943435,0.8675727241770451,10.0,500.0,Mobile sharing,38.69213272373607
2885,1131,3.262935,1014.9799026018825,50.757882344952876,27.682402329556666,37.19833643848413,6162.294646349641,0.8540279530816048,0.256,5120.0,Email,49.03367258307915
4578,1285,5.88273,1571.100264803127,114.76400660059929,31.897679555037204,13.544257748266666,2690.988841871546,0.912131456811256,10.0,500.0,Cloud storage,61.978219854825035
3800,1466,5.5708,1822.4025484283923,185.22798241247582,85.26517847150865,29.40679468554627,4022.0348193496698,0.8285335426731884,1.0,250.0,Website,38.20494075774242
3794,3966,15.047004,6133.398547623143,70.04960099403013,22.5644280530717,31.53706720302779,6668.3870574747125,0.9184216943981474,1.0,500.0,Email,60.17965117564536
1491,2560,3.81696,696.9267233324674,138.08337349903002,75.15604066173944,37.73399856017248,2130.9098889748448,0.8239644600258554,0.256,250.0,Email,46.70433847398829
2378,715,1.70027,777.3832322449246,165.01810573915475,19.866389400108915,15.554230815876922,2352.373714265991,0.9272149078637713,10.0,1024.0,Website,55.07547693381775
3694,3523,13.013962,7317.389014018948,223.52696938951732,75.34888549853197,72.87869399061094,5834.946191331756,0.9482882906649425,5.0,5120.0,Website,73.7968940942757
4699,995,4.675505,1980.149498459901,196.69702756649386,49.50876822972059,70.2175952338681,5605.514296647115,0.9739017762189744,5.0,500.0,Cloud storage,87.0347980770119
863,3124,2.696012,1789.2858496076765,207.3114594305509,60.882068936675864,50.49056124084634,1212.6740374093943,0.8608027940325482,10.0,1024.0,Cloud storage,61.89514803336423
3733,3258,12.162114,3045.155216474168,70.90247300174047,83.51968007212734,44.88203191337821,676.4520251659536,0.9347231156420621,0.256,500.0,Email,61.54141765560488
3910,1514,5.91974,1445.3304089191595,51.12310427543753,55.9224909310118,39.96048220109956,5271.619404991843,0.8750105550278994,1.0,1024.0,Cloud storage,64.11382974001829
1603,445,0.713335,159.85466643357648,222.75352066585853,41.15355641537798,10.247999304234792,1778.3981464756616,0.8293463007287389,1.0,2048.0,High-quality archive,56.652238073955786
1423,1613,2.295299,1164.5618934128959,154.82283993056086,90.18976713820722,81.82336237336713,4780.752240874566,0.9467880160536286,10.0,500.0,Cloud storage,83.18943650855996
2659,2626,6.982534,3924.6869719138917,217.74827136654986,21.797980250059076,71.56149433653208,6534.211185212435,0.8561902223683299,1.0,1024.0,Mobile sharing,46.25434626926805
1296,3856,4.997376,1013.9324042794736,101.31080285553563,70.85157129206853,21.167796949646284,2307.1558690096417,0.8445634689489918,0.256,250.0,Mobile sharing,30.0
2986,2358,7.040988,4039.171678621551,113.90346861037038,36.87925729929244,4.277617403487049,1486.077291064089,0.8699820499523259,5.0,250.0,Cloud storage,49.38275285773019
631,966,0.609546,310.6714215329727,154.62122912979322,89.8546911518434,68.44979989457936,3995.905012046279,0.910251491028025,0.256,500.0,High-quality archive,78.60763322670532
683,1516,1.035428,387.0987662905996,88.16692449500957,69.8664358099059,71.95744631849992,5391.193098562894,0.9204403353265408,0.256,1024.0,Website,61.127824544848224
2922,3002,8.771844,3865.227757327083,86.4407996261385,41.227363108275334,79.71975649051879,4389.3176035647275,0.9193474783533452,1.0,2048.0,Cloud storage,71.33656092906101
2303,1427,3.286381,1251.1790820154515,165.26252416320298,18.195354006917537,68.19224739828469,2016.707808986124,0.9292095669492,10.0,2048.0,Website,64.22089499726188
724,2589,1.874436,1268.4084373779128,131.58539091212424,73.58552924122812,60.846845161235365,1692.059662084396,0.8878427357051148,1.0,1024.0,Mobile sharing,55.137273739890645
1677,3446,5.778942,2740.3904759053485,76.77910811966171,79.34334927013498,38.87798125526338,4958.3965761985655,0.8330307969985308,0.256,1024.0,Website,45.928307337125325
4482,2833,12.697506,4138.304416010529,215.35803468010744,40.929937168113554,49.2320836374536,1838.843651077572,0.8947267760213176,5.0,250.0,Mobile sharing,45.0635297130816
2104,988,2.078752,412.2811839983004,224.8176033260551,47.98485814857877,3.158236045613836,6672.855094850799,0.82319678787677,10.0,1024.0,Mobile sharing,36.66056953164618
2805,3692,10.35606,5554.422928131544,123.08889343100223,92.95536311872827,6.224189408728175,6908.900807639156,0.9686288027402175,10.0,1024.0,Mobile sharing,54.80605375215302
1571,3434,5.394814,2287.616279305402,134.4019125414321,88.9695342786574,53.8466343455675,2211.8936539768997,0.8840106490268601,10.0,250.0,Cloud storage,61.10263764090928
2374,916,2.174584,1287.0624739839488,168.92595891470256,57.42760140886815,33.6981623574608,4696.035317754236,0.9609973145074734,10.0,1024.0,Mobile sharing,65.03162233974327
2916,967,2.819772,1129.2683554302248,199.43205256819905,45.90991490117312,35.46483968133759,2169.133849730167,0.9029922765271386,10.0,1024.0,Email,62.07378945618116
3956,1949,7.710244,1959.6915634514094,199.69999185863642,42.68006937904115,78.68136042689433,1491.1056645338674,0.9058584149647123,5.0,2048.0,Website,64.13342327721735
4211,742,3.124562,1352.6668153240355,146.36078294372962,55.81330346382137,5.95404236057385,3504.780099555857,0.8621679460283185,1.0,500.0,High-quality archive,62.85462010076004
2260,2191,4.95166,906.8191901140656,48.87784220473419,29.852615649389627,18.652582018922338,4277.690260950986,0.9610751077239632,0.256,500.0,High-quality archive,74.32830442854217
1364,3521,4.802644,1432.8050504292953,115.83029966840981,91.72211072099539,80.43827597093745,5018.672380391179,0.8310302322772087,0.256,1024.0,High-quality archive,62.97240142561531
1010,3808,3.84608,732.3760178657282,110.23378758717004,40.242939672227145,13.637704766202255,4878.848263178888,0.8751785285000476,1.0,500.0,High-quality archive,66.63018654288639
815,1079,0.879385,186.1702599910577,216.2314790905277,26.59860265577141,45.794746615751926,1419.0097859669631,0.8322178885556174,5.0,500.0,Email,47.62755341858887
3402,901,3.065202,1260.6745775861532,158.8449490009391,21.987185205742676,39.16352716015002,4089.666808830796,0.879532545842564,0.256,500.0,Website,50.23905324942902
730,882,0.64386,447.19427775402903,224.29036195843534,93.36973448994303,37.69308367662686,610.7286299819219,0.8717717499598934,0.256,500.0,Email,53.79221243692112
3475,742,2.57845,1001.2621646085408,99.53586812281642,29.428297730758644,61.720197594017264,2531.9533914814992,0.8585563456420987,10.0,500.0,High-quality archive,65.86120768377862
2876,637,1.832012,397.37423020651147,65.69993863058917,63.97787016336125,24.63045545841287,1247.9522246215188,0.9687629200216117,5.0,250.0,Email,69.44976165952299
1564,2373,3.711372,1012.6369328642887,121.02663157143539,22.019022646610836,62.14415196575862,1590.7951812189212,0.8703805565244005,0.256,1024.0,High-quality archive,67.5757149273527
4550,1314,5.9787,2999.0267485899644,160.95508709609663,53.40247995409736,77.22527851609199,3600.596187428787,0.8768096113272039,10.0,2048.0,High-quality archive,74.84778903669955
4135,846,3.49821,1237.853803015482,94.5318281079512,82.74670200089054,34.06508967179492,5759.808866840303,0.9405600901512976,1.0,2048.0,High-quality archive,80.42537808815891
1022,3102,3.170244,881.5973027621746,80.8830252093133,36.20618308599775,33.07138217927335,5036.760752095536,0.9719364868641269,0.256,2048.0,Email,67.13820877040587
2658,2014,5.353212,3223.012878789243,196.4348684647533,38.443013954625485,81.18046038958127,2796.0517742843554,0.9746911804931573,10.0,2048.0,Email,77.75790798638847
3636,2016,7.330176,1449.197493726625,184.936987575096,37.50521390991064,60.00761549092152,6375.123235204883,0.8489615761072276,10.0,500.0,Email,56.364556797450625
3170,1910,6.0547,1390.4424601374433,40.52360669207143,47.527851496157034,56.23514017971747,4039.190246659796,0.8921109510187818,0.256,250.0,Mobile sharing,42.818955381715405
2099,1457,3.058243,937.3565473618629,137.62697094327555,88.85788282156932,47.22063054479376,4338.309225615897,0.8317193577868082,5.0,250.0,Cloud storage,59.81971147643005
3830,3153,12.07599,7323.786229946359,70.42650570696975,32.54174007384728,29.502997738408197,4157.9894378291565,0.9298806333666332,5.0,1024.0,Mobile sharing,48.9279657291289
4563,2520,11.49876,5163.426441965376,93.10907567838774,87.59321492749388,10.829639780655835,4998.407136482758,0.9364597940836163,5.0,5120.0,Cloud storage,72.6957772937284
1847,1557,2.875779,1730.6788344227466,181.4539535481546,55.02524915355763,65.9643048019725,1911.7354344369626,0.9584293527660601,5.0,5120.0,High-quality archive,85.74958879648152
1862,2925,5.44635,3186.009907347978,203.537413862805,45.819764871235705,84.71343129003382,1110.3309525525,0.9030032933146094,10.0,1024.0,High-quality archive,77.77748993431662
2775,3671,10.187025,5569.750263296692,154.09508486475752,49.1943352678803,44.8467252002102,3589.6371769125117,0.9004873287724284,0.256,250.0,Website,47.00042750071855
4337,1019,4.419403,1558.1773950856432,135.50491501346204,17.678685519768038,34.40583125788618,3347.1915120038757,0.860833423935853,0.256,250.0,Cloud storage,44.020563685942996
4015,1966,7.89349,2896.410146513209,82.49748326541669,58.02643191984137,38.91819606419998,3344.1920875521823,0.8210119435583576,5.0,1024.0,Cloud storage,56.8263463379466
4575,2845,13.015875,3230.5732208286386,134.51865018027632,37.41840870377103,73.52053284113352,2804.7008460388206,0.9222008889229499,0.256,500.0,Email,60.20846982407505
4949,1854,9.175446,3998.6345843628437,122.31395873973256,91.9611491055088,60.96081225537432,6969.905114346497,0.9462485247371435,1.0,250.0,Website,67.56630881723214
2955,2404,7.10382,3571.6067891215084,205.7752095440144,73.06001877753977,13.445661981429504,4910.994786740072,0.8974904941896771,1.0,5120.0,High-quality archive,74.08123875660033
3400,774,2.6316,542.9830724680616,48.22609034173506,54.459589979569394,9.623284255002947,5079.564439194123,0.9537416028085027,5.0,5120.0,High-quality archive,78.43030446939524
1687,3748,6.322876,4010.1431124169153,68.25094283506928,23.1889801080324,19.814149078901032,5653.308846624721,0.8369303244295492,0.256,2048.0,Mobile sharing,37.23593012282253
4612,3103,14.311036,3410.816548551303,46.70855969174628,50.90451070177741,19.60379831005278,4909.932122646869,0.8918966305653011,1.0,500.0,Website,47.96731741282257
922,709,0.653698,337.97613408420034,48.5220762840998,93.07156738250586,59.13121224403656,1313.020496292887,0.8222551432738969,5.0,500.0,Mobile sharing,42.27910735188064
4191,1186,4.970526,3118.844255111182,149.6088854096614,29.11661224231196,48.6460708563708,1827.6755413037029,0.8252411568421912,10.0,1024.0,Cloud storage,54.458513519752955
3768,2946,11.100528,2530.5378332956207,108.01826522975193,84.45238612232542,47.033994950316945,4604.382607550669,0.9452820536730948,10.0,5120.0,Mobile sharing,61.2587869211595
2521,2231,5.624351,3033.0062973809804,85.03504815976902,83.35917890924195,4.704519607019009,1410.6126353575864,0.8744413139028275,10.0,500.0,Cloud storage,50.10160615814979
1089,2048,2.230272,1365.6478939347235,48.42363599651101,17.438472729971952,41.143787138621136,6695.502534622761,0.8646415685462602,5.0,5120.0,Email,53.58273112401317
2400,1419,3.4056,2028.581046749518,165.31478748807558,55.945791112380576,37.67912372951573,5717.744153681924,0.9411098137508095,10.0,1024.0,Email,67.17273392335208
4991,858,4.282278,2661.9182577532874,75.20449047619995,18.36531536424488,36.18936897946353,6004.319956835593,0.8662565249911216,5.0,2048.0,High-quality archive,66.55551350588246
4894,1679,8.217026,3951.1118900292217,59.65386611374401,86.72855297179471,15.814466123600498,6373.065137777763,0.9790845878265345,0.256,5120.0,High-quality archive,85.56911282872275
3181,1333,4.240273,732.3179040850391,147.07962198528085,79.76633618619081,36.04294482518147,3141.6085270089397,0.9142860325863404,10.0,1024.0,Mobile sharing,54.14248672452053
4172,2098,8.752856,4699.413554843466,224.48904108386049,43.02382737990119,4.001667959058766,923.0940665840006,0.8750812459431443,5.0,2048.0,Website,50.21850093510611
4723,492,2.323716,1359.100859910552,84.13207549932807,80.57908322258878,3.2510105988556215,4356.7576668432375,0.9695611441673246,10.0,2048.0,Email,73.8230522826347
3874,1829,7.085546,4250.02527152286,139.65801635575065,64.48321892025591,7.831057825535888,1450.7842953620254,0.8294081692517595,5.0,250.0,High-quality archive,50.09193673383727
3810,1229,4.68249,880.345681682164,213.546847124332,20.4096006103436,41.87260970608086,5889.744593363292,0.8312497821703129,1.0,250.0,High-quality archive,61.98639867820843
4060,2240,9.0944,5389.433697414138,59.21106750379393,24.96882032636325,49.62084211408291,1678.3544256428697,0.9719416621082799,5.0,5120.0,Email,76.17809480029804
3923,3020,11.84746,7160.865508448683,69.75160495746965,20.46783123165019,56.788155030224246,411.06990111848876,0.9627970270623488,0.256,2048.0,Email,70.63516745538021
2774,1529,4.241446,1726.7360830800874,175.9211693585726,34.42231883686564,47.43160324915669,4633.297561288073,0.9391525270787815,10.0,1024.0,High-quality archive,83.1671454496844
943,3209,3.026087,646.2971103169475,117.0735508264049,37.72046530686584,12.743858465486129,3608.691437571009,0.8465012929619752,10.0,1024.0,Email,49.19816681250979
2358,3004,7.083432,1709.1451933711735,205.2941691474684,17.096748523904708,45.803785737750346,2274.728122911501,0.8954564446664237,0.256,250.0,Website,47.33724715888135
4273,2207,9.430511,2055.086249663025,171.82668503759837,61.55989803647906,19.483324191559912,5334.055727207684,0.9030288696387425,0.256,2048.0,Website,50.8992482207996
2916,1980,5.77368,1344.0838129308986,178.73801485261478,27.56090593214335,66.82081276958704,5596.154591447873,0.8231076460893985,5.0,1024.0,Cloud storage,58.84136487750941
1656,3658,6.057648,3961.4388697252753,106.36513470445344,85.00186550191633,16.401201627220598,2630.3993881849574,0.8283651217314116,5.0,2048.0,Email,50.124499034995644
3286,1325,4.35395,2489.949786480389,136.5961763103149,16.117817553477003,3.183286789286565,3599.0913905922844,0.8488498313592283,1.0,1024.0,Website,49.258296757643606
3222,1675,5.39685,1868.2901238902703,70.48178135726005,26.04837902949989,22.42256945643762,257.3331506902463,0.8693003139258029,10.0,5120.0,Email,54.98086069781915
860,1739,1.49554,685.2940596622836,142.7985062126711,81.29900313549699,22.37578832439118,2109.893047111436,0.8265391983634679,1.0,500.0,Website,44.28721658693865
1847,2831,5.228857,1006.5139107465038,122.03112290750197,45.50791212701113,43.12745412311781,3905.3006922078066,0.8232414016028393,0.256,5120.0,High-quality archive,52.92188659229376
3181,2752,8.754112,4433.588093860349,135.3161729878346,41.74187293715054,15.216181582720731,4109.240231737553,0.9519204108306998,0.256,2048.0,Website,59.939496250646854
2336,1689,3.945504,2692.9316178072218,68.23422102643659,27.10462571801689,16.573583126692473,4626.766005812809,0.9787032509967357,10.0,500.0,Website,60.05446929438358
4646,1403,6.518338,3254.625421643334,42.694800867339865,54.65231796609512,56.67473723487651,3777.4224516972686,0.9525595117228665,0.256,1024.0,High-quality archive,79.41025166817175
4862,3583,17.420546,10113.246479127904,80.88292151814085,84.15603055430283,25.976474235419797,5442.02408443091,0.8379358771882275,10.0,500.0,Cloud storage,51.305255636073774
4989,2289,11.419821,7020.2867128018,224.26417895133537,23.57686766881125,25.253826891653038,2535.307561050377,0.8990255589047038,1.0,500.0,High-quality archive,65.60912243121335
4338,2005,8.69769,3386.5534835798685,152.43402926637685,51.83164696744187,13.71291099410759,2812.444881650005,0.8858649112207577,10.0,250.0,Mobile sharing,39.65367164301298
970,1557,1.51029,703.3764205915389,132.98873438216583,85.1941663373111,13.005224412752732,844.127907361548,0.8889943949001335,1.0,5120.0,Website,53.36071793633078
1773,3929,6.966117,1242.2091527739258,113.62196387798804,76.87034305107872,72.74607937411278,5146.746696125288,0.909261868559959,0.256,2048.0,Website,61.13663720620516
4263,1243,5.298909,2352.358282913554,181.41577320130207,40.36965295001106,56.625798030788374,3396.2889712556494,0.8344088060451456,5.0,250.0,Email,46.279476020856606
3464,760,2.63264,415.2738163379402,40.630058335514306,94.1726797337395,43.46466368112354,2520.8571795149624,0.863980332260003,5.0,5120.0,Website,54.381687092744585
980,3012,2.95176,861.1527042193902,48.39300601781463,69.6621291614353,3.13372950564892,4746.452155345958,0.9393766771314401,1.0,5120.0,Website,57.53842896931855
3940,1828,7.20232,3825.3673083238427,223.127666670595,34.41002948204983,25.48756292247776,5704.00951958475,0.8456634888089728,5.0,2048.0,Mobile sharing,41.09889049517114
1374,533,0.732342,326.36410659387906,144.41667912181777,39.275431791343536,74.86026289059642,1181.1105491340018,0.9557869899435727,1.0,5120.0,Cloud storage,76.75938876872708
1276,3701,4.722476,1930.834221135056,49.312825864683646,69.23228680492115,67.82932210255922,5956.516910315279,0.9770019601190382,5.0,2048.0,Mobile sharing,71.17517037078966
728,2220,1.61616,1050.9242560213465,157.31409261789787,85.68411250010747,22.30706539513823,3502.327575990547,0.8524354807300293,5.0,1024.0,High-quality archive,68.77070781699852
1372,3528,4.840416,1130.8896636062987,97.97813757648615,46.79009186127405,54.09299111255813,6464.95188038188,0.9778544121475345,1.0,2048.0,Email,76.57526908260253
3830,1558,5.96714,3691.1558445102473,76.38168369185982,23.510451944877406,82.80699118800737,6055.763803902699,0.9280273146209679,1.0,2048.0,Email,71.89198182288453
2548,2386,6.079528,1261.7187573337112,139.37043563240945,50.72773520940062,44.999286464595436,1546.7323139818611,0.9701777073237197,10.0,2048.0,Website,71.06780364706542
2729,793,2.164097,1049.6412567941766,196.39774554239062,41.47366238515733,19.001739869150885,1891.8980753490566,0.8915518343877656,1.0,2048.0,Website,52.284207469427514
1899,2933,5.569767,892.4351435917841,99.66911784654869,70.18015727523799,17.419679441042486,1585.4486423797412,0.8521066600660667,0.256,250.0,Cloud storage,53.40808580372303
2396,540,1.29384,369.489254258097,224.0126506724746,88.47169691122399,20.636216268819403,2204.5169018018323,0.9551061674654789,1.0,1024.0,High-quality archive,82.20909065325003
4092,2851,11.666292,4287.798451055256,200.3181240266167,85.56679992764019,11.803999674295476,4041.3661513605834,0.844908031540018,1.0,2048.0,Mobile sharing,44.25150196888156
2275,2037,4.634175,821.9042169228665,145.05829721996366,47.68133361086838,69.49369769138474,2415.3940242883946,0.8637920652215656,10.0,2048.0,Website,54.85104853490122
1124,3973,4.465652,1296.424330244417,160.42235043758583,26.38263828452739,12.131927768500214,970.0777742177352,0.8324082678818345,10.0,5120.0,Mobile sharing,33.72056010157237
4720,567,2.67624,1507.3678676437078,175.05883187626756,94.75275396880323,31.52539426112759,2034.2874922483927,0.9570520283438705,1.0,2048.0,Website,66.61891351253638
3751,3026,11.350526,6179.214691995273,197.36010492801728,46.99609848539927,57.82400655732071,2831.473547177357,0.8965589501026375,0.256,1024.0,Website,51.59874952819545
2599,3919,10.185481,3903.9799007589363,100.03985118704513,44.887280517791304,13.978903688764895,2113.724227833173,0.8884630821086795,0.256,1024.0,High-quality archive,68.09026875068872
1169,1344,1.571136,1011.2984650781756,142.7165455356139,30.50340902179301,31.270827905208254,4153.065989929259,0.9010577823615765,1.0,250.0,Cloud storage,56.591702391153504
1257,2355,2.960235,835.9101150499179,151.36464791457186,20.612807958816788,30.601776752372377,5639.723987804143,0.9168282960004925,1.0,2048.0,Website,56.399158920278964
2286,1850,4.2291,1377.2452352022374,79.96842128253348,87.74410525122164,64.16743718673682,4788.508010202471,0.8279255907307,1.0,250.0,High-quality archive,59.84689972448748
3108,1153,3.583524,926.7482279862867,183.03631791528602,37.873995906955415,8.870158776457112,303.2020338035346,0.9187405724295433,1.0,500.0,Email,58.27950239276259
4396,3712,16.317952,7049.13249486451,104.18058882597526,53.60299609963957,78.77822121670566,3836.996994359576,0.8864192976979322,5.0,5120.0,Mobile sharing,57.258748539303426
4613,3755,17.321815,7204.961313865984,130.71370417575625,88.75714673625674,44.6005663266317,3096.929279184534,0.9254106826907873,1.0,250.0,Cloud storage,72.0783840098003
3020,2374,7.16948,3564.1600699046016,110.49343799924276,15.352073752284046,39.619654314447395,92.1039140552495,0.8319997582878463,1.0,1024.0,Cloud storage,50.27254105160182
3866,1392,5.381472,2710.271174300808,93.63691509578962,94.81188752972083,78.13676678102846,4117.903836869389,0.9588827671092035,10.0,250.0,Website,61.67027216011564
1866,892,1.664472,682.2947714481797,38.196928458036695,36.93838579122966,81.34134182714838,2245.028821364941,0.8490327128482305,10.0,250.0,Cloud storage,58.03265161188111
3524,3433,12.097892,6799.753349523777,118.00188143217711,31.698150674956842,6.777321808379671,3265.280720404981,0.9367491189750902,10.0,250.0,Email,56.20474117832657
2279,2048,4.667392,2147.1832004623047,133.32599643477434,69.47732801001271,44.63212516971616,6587.246437264532,0.8884845090530697,0.256,250.0,Email,52.7081056243683
3718,2202,8.187036,3586.952970839512,139.95310996929015,72.16416786160657,25.52114769463729,4671.080569338266,0.8858049204193321,5.0,500.0,Website,46.69600539695312
2249,3905,8.782345,5080.457361473224,207.70487105447793,62.48905530543723,27.5483681550525,4791.913544685133,0.9384233933913606,0.256,500.0,Email,56.57890008554728
4474,665,2.97521,405.01420384024,58.36444680008999,27.48066782620078,75.07218070171315,3003.622830437902,0.888652018557891,1.0,500.0,Cloud storage,64.7624430381601
2216,2529,5.604264,2823.830664032645,60.95483652813452,77.03395621381395,19.538417088997196,5133.030584576516,0.9488937769112746,1.0,250.0,Mobile sharing,50.03238326728066
996,3818,3.802728,1498.0340426887178,154.7447440448678,16.86083520974142,25.85423480561987,3562.5136991877343,0.8634303068103002,10.0,5120.0,Mobile sharing,43.837969882668745
3965,3677,14.579305,4333.317140430465,80.19416692333775,50.402207005862834,55.097407929901905,3062.2673007841213,0.8591258521202889,5.0,2048.0,Mobile sharing,49.74287208299977
3658,2269,8.300002,3701.9600075552644,77.16112279582647,69.4344848873965,34.775043914179,2576.1013471236365,0.9154939735280714,0.256,2048.0,Email,63.535599712337834
3172,2924,9.274928,5675.430488441627,55.72031823166195,70.60307102479345,35.294450007171825,6998.018214887105,0.8560037807495443,10.0,500.0,High-quality archive,62.51542772156925
2806,1367,3.835802,2011.6334971001108,126.37254131448131,32.67030678796321,44.522673697898135,6227.074976237017,0.8998126279082913,10.0,2048.0,Cloud storage,66.61111074782568
1727,3582,6.186114,3308.3038021850066,143.7110275980171,85.35477167629347,12.978603564675339,4793.3005377143745,0.8546739699861171,10.0,250.0,High-quality archive,59.06534878556869
581,1794,1.042314,694.6699247751977,96.55611388284512,80.1921807241602,64.40381403840426,4692.070896906827,0.8852679351010146,10.0,5120.0,Email,64.89777502333011
2192,3022,6.624224,4183.015819477819,125.13260525315992,42.308265775256835,20.72118851673803,3420.4737391931244,0.9346664592743246,1.0,500.0,Website,53.76723443478496
4375,2667,11.668125,6754.801952269144,82.67282948623334,65.48225157864363,15.606292918085037,2578.3890260442254,0.9210669416927897,5.0,1024.0,High-quality archive,66.80630541874889
1264,1775,2.2436,1052.8607736908943,221.9258950440052,57.52037854741989,68.6550892366725,4186.50776366426,0.9452941303876787,10.0,2048.0,Mobile sharing,66.7757745885175
3068,1220,3.74296,2069.250223800126,80.20287846622284,93.45122201140705,21.678549658818785,1694.9538250037112,0.858877737914051,10.0,250.0,Email,49.49472932406998
2060,1202,2.47612,546.4076295311806,127.4081004206576,34.49574033861815,22.323952356660755,114.21050385866313,0.8792719345916716,0.256,500.0,Mobile sharing,42.29451548114451
3241,2636,8.543276,4162.228140710386,48.45208963699519,40.363325032756244,74.57005362362261,4096.06112429982,0.8944163085542554,1.0,1024.0,Email,57.22469373156856
1358,1487,2.019346,1310.7140809050304,77.54753442153694,39.859221422116555,16.17106753438202,2185.0478787445763,0.8732488595396161,5.0,2048.0,High-quality archive,63.171206623045386
1331,3709,4.936679,931.8805936623284,36.30682209652328,83.39561029044265,60.70912423681607,2519.7510989741895,0.8557670561342773,5.0,5120.0,Cloud storage,65.99311249420106
1174,3988,4.681912,2250.5067451262203,76.44834506659598,68.0342160448495,65.88264466483068,1208.121194047897,0.8270173253468666,5.0,1024.0,Website,50.07776779350618
3561,2742,9.764262,5175.767556349127,111.53947459874,33.79564362024559,46.60586514933797,1470.3415715569183,0.8515146329535163,5.0,250.0,High-quality archive,59.8491206529628
1739,3224,5.606536,2648.9993658600297,118.11447409498422,88.55786468080731,71.87459572416944,6159.838486094637,0.92072265142455,1.0,2048.0,Email,77.44530610161014
4028,1965,7.91502,2482.153601123421,147.48054861528536,17.042546971076025,3.6114273767518488,5968.9106927624025,0.9039672240533468,0.256,500.0,Mobile sharing,37.90849121081905
3228,1722,5.558616,1324.921637072533,203.05784759966818,76.0392215466428,22.740922188983905,1097.6719556188502,0.8705972336297976,5.0,500.0,High-quality archive,65.93438594407348
1094,3996,4.371624,1140.5647089137824,192.82061712674283,27.72941976723782,83.38005927262769,1617.3880350674397,0.909370250682865,1.0,2048.0,High-quality archive,80.27053708734735
953,2374,2.262422,1002.4426363132204,139.4304240317169,63.2112521860628,7.549850894993805,1221.9003947293968,0.8457907588677382,10.0,500.0,Website,44.04713486660313
1369,3718,5.089942,2149.910248994303,153.47927806351004,43.59905403184967,25.652183564780746,3547.08133311388,0.8749833481167623,1.0,500.0,Website,43.860218324939694
2482,2551,6.331582,1629.0772692577466,127.71547132770296,26.960939159147117,31.699937082053754,5035.30949500951,0.8479139430016919,1.0,1024.0,High-quality archive,65.1607580947405
2055,585,1.202175,795.662995201879,113.58459665564841,77.7141228600933,37.137706076007625,6564.654234972552,0.8859569039500315,1.0,250.0,High-quality archive,69.02651760765131
3890,2023,7.86947,5485.407837538177,140.5667598811669,70.15043629361185,55.763903200596005,5804.072822738177,0.9578920159106789,0.256,1024.0,Website,62.11879886017137
3505,482,1.68941,811.2713279369267,191.83907832046773,51.04318444093276,16.50590352025087,2052.1704069027046,0.9538689950364266,5.0,500.0,Email,63.98177606630378
1190,3101,3.69019,2448.6148234666857,57.173701418983285,89.11133073316459,52.32033788430732,5378.576032654388,0.8286039535309688,1.0,1024.0,Cloud storage,56.053688041922705
2975,1504,4.4744,1682.5561439430996,140.31664570312364,59.20383518183839,6.432645083360722,3104.398277723302,0.966671212493656,0.256,1024.0,Mobile sharing,56.19811458397844
4892,3748,18.335216,4677.632011704651,125.7729285170612,84.96044792905427,44.00296962488645,434.97482892131865,0.826381696434103,10.0,500.0,Mobile sharing,37.86808192898988
3681,2637,9.706797,4376.658645567752,95.604222590702,89.35403240369499,30.15661608689486,5852.86366793798,0.8973336021145818,10.0,1024.0,Mobile sharing,46.18025006272249
4513,581,2.622053,472.3348881044792,125.04750067755484,32.38654417266783,8.146588790309437,75.89228113946409,0.8719603386305292,5.0,1024.0,Cloud storage,57.139030729959345
759,1486,1.127874,783.854403801688,213.5097575961388,25.05226454699975,37.03880898681657,4559.486191255595,0.8786195447855184,5.0,500.0,Website,53.91269179974268
3832,2707,10.373224,5048.0173297000565,194.06994082371443,18.748561813372405,17.30012086148998,387.0373467901669,0.8507382758798737,5.0,250.0,Cloud storage,47.05701383343389
4869,2301,11.203569,5657.783471483538,108.13336496819825,15.25661525481472,58.25907466142625,427.32305984799245,0.8236246380332699,10.0,2048.0,Mobile sharing,43.20885410151708
2840,1529,4.34236,2070.4265898078247,164.5060611841071,24.79270781843736,58.34402226646588,6168.466429989066,0.9758753332536506,5.0,1024.0,Email,79.28396271309623
3843,3111,11.955573,5253.737203253541,83.88788434645579,28.772630797576237,16.958884648604982,3241.280404412757,0.8231550310418376,0.256,5120.0,Website,41.00532830104679
639,958,0.612162,105.11616960723018,120.72580465137116,34.608022586802605,81.94089587814481,6381.351584509739,0.8847589197874027,5.0,1024.0,Mobile sharing,52.03316430953238
3200,536,1.7152,509.2818122531155,58.30795922627698,23.18962640120982,48.9906489807838,736.4157611092576,0.8968821943710957,0.256,2048.0,Email,56.53052189523054
2434,591,1.438494,345.2319886827438,79.81952829458774,79.0198754887094,78.06594474323163,2871.3135625413897,0.8848042762401565,10.0,2048.0,Mobile sharing,54.80948349569664
3746,1062,3.978252,761.3690057065003,118.14625922445966,60.186269053021036,14.374023459022359,2088.2507791886896,0.8618077121638662,1.0,5120.0,Mobile sharing,42.00875543309515
2519,558,1.405602,344.13387568055515,54.55841893900595,80.74963703189603,42.30298398285843,481.86732973044656,0.8612994399439292,0.256,5120.0,Email,52.945058135839496
3100,3552,11.0112,5210.390397711804,115.35212752803045,49.13079980435605,18.908003648421385,4573.052782549279,0.8447783058286137,5.0,5120.0,Website,41.900180192549115
4474,1323,5.919102,1875.716809951192,200.2727757951994,88.35652686894277,43.21267021528995,6696.562583510255,0.9600386894739161,5.0,5120.0,Mobile sharing,69.34145426157338
2293,1774,4.067782,2282.787582235746,144.69441058446836,72.57472013922452,17.57846082162352,5133.187686835847,0.8684261315810287,10.0,5120.0,Cloud storage,58.91437753052918
4936,3813,18.820968,3651.3270966092323,184.14276352475378,59.38603203012547,28.184766080286366,4278.730070066617,0.8731361900545607,5.0,1024.0,Mobile sharing,56.16870098535883
2210,2805,6.19905,3499.7917609202677,145.8637747792195,94.31184391084967,22.7956254358532,1872.9235669957625,0.9086431203313137,0.256,250.0,High-quality archive,62.82710310506048
3221,2302,7.414742,1015.7186434373485,155.1236120467808,94.89563940163062,27.15304701077938,1328.3444446596873,0.8650827132522165,1.0,1024.0,Website,53.91119022553687
1711,2697,4.614567,1507.4219244314074,110.25119950889439,18.202501023941117,78.27128513307532,2877.8574214082328,0.8338374713992615,1.0,2048.0,Cloud storage,55.22394082061685
3317,1662,5.512854,1173.1645846009694,62.81406748837939,63.181988427823434,78.54090122290624,3092.4901511052917,0.8750090317110161,5.0,2048.0,Mobile sharing,50.36599988653047
1701,1288,2.190888,485.6563919404799,102.9839061589177,77.0482713781305,59.99519797302822,4677.6832591756265,0.864340849974623,10.0,5120.0,Website,54.297427978754584
1962,2611,5.122782,2366.64818052474,91.64323545790174,20.553322515949244,62.31957925932169,5253.725760865975,0.9265885843384036,10.0,500.0,High-quality archive,73.62405753951664
2308,3111,7.180188,3625.428455067392,158.67934545013964,87.34861600733129,79.12118491396414,4189.680055171168,0.8781974367295066,1.0,500.0,Website,53.514556942572646
4167,512,2.133504,450.26754368161914,206.0353200699208,85.75985184836007,81.05026079319245,3023.56422293185,0.9454497452225131,0.256,5120.0,Mobile sharing,64.02296431000747
3141,923,2.899143,2024.4861283821558,40.74164871275648,62.78687349691544,56.31740648290013,4788.435926689056,0.9354526790878162,1.0,250.0,Website,62.27916388788621
1395,1126,1.57077,827.9881096963433,183.8485623084554,30.1156600369751,22.514891985873426,5464.77098420385,0.8337598354615924,0.256,250.0,Website,39.745967122435566
1729,3748,6.480292,2917.8834499076634,108.65879115956284,93.26961777779813,41.02432711014566,3064.458067128,0.8699488116170874,1.0,500.0,Cloud storage,55.0495153526594
1898,745,1.41401,733.3558308917562,73.22885464391584,45.73664025635943,15.016195749947224,3891.619756303665,0.9366960711923423,5.0,500.0,Mobile sharing,54.73808054728977
3876,1215,4.70934,2808.294178285655,85.85325966137196,76.97620744089818,30.158351358109307,1361.6912526835897,0.8949672047160331,5.0,500.0,Cloud storage,55.824671093268584
543,2041,1.108263,367.3248792885545,108.11098064918438,54.154391940673065,67.40640983140199,92.32744374213101,0.9691955282137719,0.256,2048.0,Mobile sharing,61.58467014890578
1763,3342,5.891946,3882.0134062790457,149.19010467777883,43.58471863017399,39.31895317531551,4623.324557169585,0.9370676453548462,1.0,500.0,Website,54.6424467092464
822,2117,1.740174,1162.5234798505326,64.5537019880809,25.333135688191824,69.57384106816622,5739.97770253595,0.9382015071809995,1.0,5120.0,Website,67.47830621837349
1517,3375,5.119875,1692.953749990954,137.10573885817473,50.6480023761063,3.479701859235793,4042.512245097146,0.8479283813720434,5.0,5120.0,Email,49.89468328334927
4685,1035,4.848975,2415.711414931421,71.46531461791537,20.082667863626913,59.195849878377864,819.3294389731867,0.8369947917402296,10.0,2048.0,Mobile sharing,43.67062138039988
1870,3315,6.19905,3619.0350985086147,61.86475133477554,56.47045178215751,10.923290259453273,4446.369977512611,0.9711169370116395,0.256,2048.0,Cloud storage,72.46320319105024
1355,605,0.819775,204.50924920343743,120.68043328784042,60.8476913073213,84.90678571211801,230.18728523206175,0.8200503071430538,1.0,500.0,Mobile sharing,38.30303535851858
541,3581,1.937321,1259.5919703158663,202.29974550827058,26.454300038883822,36.79259648484802,5233.901877950411,0.9261180845616882,1.0,5120.0,Email,63.10158231734874
1490,2057,3.06493,836.0827161887388,218.22157650812395,39.500764874947755,4.929305005508743,1821.5612814278647,0.847392790758948,5.0,1024.0,High-quality archive,61.45128633905404
2546,2653,6.754538,4246.527180395959,103.87858754270978,28.479417544432355,35.80204965432186,5512.4694090818575,0.8361829141324164,5.0,2048.0,Mobile sharing,41.433966078070654
2871,3034,8.710614,1679.332685231341,221.41126776785222,29.08346559146045,18.804917044841126,1061.799710110539,0.9112308861918301,5.0,1024.0,Website,54.05344981650076
2476,2824,6.992224,2031.7256537797625,208.89669744577228,39.50769897421647,19.250680527473968,6684.24653576606,0.8749020199749544,10.0,1024.0,High-quality archive,66.82244440841856
4270,3415,14.58205,8874.323662166971,177.9113627042437,38.829987411448464,52.74763825115385,2617.2620534625908,0.8201683156096621,0.256,5120.0,Website,46.59398670011432
467,2554,1.192718,562.8890818270539,139.62187755568652,38.20382758188748,82.66924224246061,4370.59546698123,0.8927668411707279,5.0,5120.0,Cloud storage,65.12666866079557
1724,1590,2.74116,631.496200651607,160.79677096883225,85.32031078421755,27.82589837614349,2363.534246627624,0.9272583206126418,1.0,250.0,Website,64.9768391601515
1592,1709,2.720728,510.6362546869532,68.18996093492188,89.61968608059665,23.263781646259638,4652.768186627441,0.8510562707758044,0.256,1024.0,High-quality archive,62.09977890526836
4444,3327,14.785188,6146.2457952218065,198.91809451995758,41.07928363324998,13.509306192948262,6876.504265481182,0.9282781807183061,0.256,5120.0,Mobile sharing,52.37291282498562
2553,2913,7.436889,2596.9729299654855,96.62459870869148,72.35668767155792,61.770466670532876,6656.589269141198,0.8671393769260277,5.0,1024.0,Website,61.040924904521574
2651,1881,4.986531,2896.904641512751,146.07651032100915,15.754858210212044,49.7268708350247,4453.546312295934,0.9664418002470513,0.256,1024.0,Email,71.21130726048969
2707,2109,5.709063,2472.2764153558005,47.78777342710933,86.78269340264812,77.6538118661933,3859.014288406297,0.8292089657510326,5.0,1024.0,Email,55.25022502081926
3150,1458,4.5927,720.4164445356366,170.06865971860304,37.95150590658511,56.43983709715485,4408.525528419254,0.8562946375411572,0.256,1024.0,Cloud storage,58.52315762147796
4864,2580,12.54912,2123.070564070294,119.15267795095764,39.941716702233364,55.61494567075388,4321.219392002063,0.9172312815069541,0.256,500.0,High-quality archive,70.5516569899186
3780,692,2.61576,792.7983984494072,115.04197650478953,29.381736623592943,37.50017743553081,544.3502739878668,0.8381147652811282,1.0,2048.0,Mobile sharing,40.00408259271158
896,2961,2.653056,417.6490127762998,141.91358007826554,46.31589308694722,68.35165413706815,5498.463482428655,0.9196342422540342,1.0,5120.0,Mobile sharing,55.66943978196099
1446,3366,4.867236,1838.4740019273065,69.71825949224075,85.67049456732181,39.481867073280206,4155.877553030868,0.8776610976528016,1.0,500.0,Mobile sharing,52.13320245500198
3650,3682,13.4393,7871.33747916921,60.319617441895865,74.73799010334386,37.31952371700556,157.0067519759605,0.8408074304135785,5.0,250.0,Website,45.74278803762633
1365,3813,5.204745,3322.5857256842555,159.86225410059228,81.58267879286473,53.445542143075095,6088.50465760301,0.877869548003544,5.0,1024.0,Website,58.93184001543169
3268,3653,11.938004,2674.1341803498194,144.83154500547155,75.35449553815843,33.34408036376015,6079.691596081036,0.8477294015833465,1.0,2048.0,Email,58.12410142689266
3086,3395,10.47697,1779.0732978860951,72.1026642392521,76.54639676145219,76.14724031476736,3842.204074398846,0.8368904740022597,0.256,1024.0,Mobile sharing,42.561055716933495
1159,3098,3.590582,1062.5464012787634,58.53921576478798,87.05453598097944,73.0352772238413,423.32178775931925,0.8355540220455903,10.0,5120.0,Website,53.30387531860384
691,2794,1.930654,707.1838365141803,206.73381723544415,82.1442857654203,7.725124666858641,4331.806331491148,0.9435627845131933,10.0,1024.0,Email,65.17250466537156
4832,2869,13.863008,2625.1202283528896,72.67662227999116,81.09964969595696,84.73404719783261,733.4579047631084,0.9421419286629253,0.256,500.0,High-quality archive,80.51356701118321
696,2820,1.96272,1150.6571477111918,202.49700797423262,67.0410721706203,29.447986598986393,6348.8766728128985,0.8677957639959091,0.256,500.0,High-quality archive,63.19678957036783
1026,2850,2.9241,1872.9828034520292,64.62124495825475,91.18374382125052,53.24485684942682,4692.843556449322,0.8809204759511405,10.0,500.0,Mobile sharing,52.36201014173226
3710,3511,13.02581,8352.89694075542,164.211562531718,20.41116436024515,18.01750835968198,6680.148366756234,0.9749840757403562,0.256,5120.0,Cloud storage,72.43741681107194
3886,1776,6.901536,3885.657533430584,178.04830269498785,21.87271239599668,52.97808874134056,1042.9438488589592,0.8583497121345794,1.0,250.0,Cloud storage,55.2068051491416
644,1288,0.829472,459.8992570143597,212.04655653686058,52.59919458668421,36.889984914129954,2540.930682889564,0.9186091353683343,5.0,500.0,High-quality archive,70.03391661382015
4150,3284,13.6286,8575.543306826648,81.13217674660268,57.16176394339003,21.322458571846784,311.0129727713709,0.90783700382962,5.0,500.0,Cloud storage,62.11897722951799
3730,1778,6.63194,4620.994419994859,123.34996684566741,84.28469721470688,22.97262157605566,5176.084820501914,0.9606761370901705,10.0,5120.0,High-quality archive,81.84331900975093
4994,2066,10.317604,6163.677512142372,166.23391447404708,25.59611185153635,12.363121133290651,5414.858844745747,0.9031001787506203,5.0,2048.0,Mobile sharing,50.19172993191895
4573,2455,11.226715,4108.31678070235,149.99642855534114,75.82202277490788,49.27697116982818,3585.888131423299,0.936304112424669,10.0,2048.0,Website,68.44434227693408
2089,625,1.305625,731.5713451462343,132.61448568082108,20.975449602652148,58.67882230990062,5029.954348313502,0.947007836423962,5.0,500.0,Email,69.3053269974492
1781,1603,2.854943,1038.424970271032,167.22738445641207,82.64159503025822,62.11529158645148,1259.2135355337305,0.8785947335680412,1.0,250.0,Website,49.30616980380896
3750,1293,4.84875,2082.395337679274,185.44767020699,68.6751419937292,27.466667234540882,2363.423916783569,0.907914839894391,5.0,500.0,Website,47.1374764634798
843,3592,3.028056,1210.6645640218385,72.70347396012984,45.159505517642984,30.29163870983813,1931.6129956645166,0.9107850519434837,0.256,1024.0,Email,58.545866579780764
3639,3788,13.784532,3516.432109756282,54.020031465769996,77.82700411901996,84.57863509836594,6052.020485486371,0.8602021681130345,0.256,1024.0,Mobile sharing,52.932958363902294
599,3430,2.05457,868.7124007815885,140.34547757934024,35.19610069572729,52.33434626938675,263.1355003250085,0.9233618758353344,5.0,2048.0,Email,65.39245894748734
3066,1595,4.89027,2938.904885197638,170.9533594523216,25.26378583394223,19.001826084141832,4477.903471588758,0.8391092706313978,1.0,1024.0,Email,49.35156148777041
1112,800,0.8896,423.63615664140207,68.51643222233884,71.99972882905769,26.043033815125334,2215.329061838028,0.8557597793718572,1.0,2048.0,Email,48.99484707158486
2043,2172,4.437396,683.170242095621,84.50817012084042,27.644023289507686,72.10650735786547,639.7352126607758,0.9141622042599401,10.0,500.0,Mobile sharing,56.0572563908411
2781,2305,6.410205,3672.9004608071596,57.15476865801814,82.26224791523457,46.39244997750467,474.84934640263793,0.9533192062082119,5.0,250.0,Mobile sharing,57.19016044232668
3997,3272,13.078184,5165.5758736371645,202.4638538274184,65.83434182328668,54.12935785837345,2081.033987617503,0.9737875825434692,0.256,1024.0,Cloud storage,73.49181552938127
882,2387,2.105334,590.6728822977411,147.9713816675345,78.83472937430952,66.72871759216486,6088.171739895197,0.8668644380659787,5.0,1024.0,Website,57.35805221348292
1039,3088,3.208432,970.0231301068271,141.68377132133543,28.544022561556055,70.19075958501494,5730.04192398403,0.8273499195370756,10.0,250.0,Cloud storage,54.61942300703944
4965,3474,17.24841,4693.660884293696,85.83121268964115,59.21290848829173,22.664464632909926,2786.710614232813,0.9248970531909144,10.0,5120.0,Website,66.55163499054568
3285,2539,8.340615,1786.603776855331,190.0619642928437,17.981991039443095,24.66371638529477,446.55947267713026,0.8789393732149623,5.0,2048.0,Email,57.48155524144156
3399,1260,4.28274,1674.7131239070925,43.66032419683347,49.41812210768028,55.56727777544662,3845.0631102242646,0.8320454026045259,1.0,2048.0,Email,50.13447501989542
4356,451,1.964556,429.62770558862195,129.5363348901463,39.83213272240549,59.93940712779117,1722.5416551820629,0.8658363490230367,10.0,500.0,Mobile sharing,48.58171223737084
3255,1470,4.78485,749.6846367320795,136.73464900118736,94.63272492356002,82.45733304290691,1586.1042479119692,0.9409114415078803,1.0,500.0,Website,70.76871713752419
461,2797,1.289417,535.7465431335241,137.45380595457868,81.19141297884067,30.59658142276869,4686.308578911858,0.8268358234528687,1.0,1024.0,Cloud storage,55.59351610504817
2138,3832,8.192816,1570.4919511243274,165.6870975814829,92.0703479774817,77.45151021662909,4025.127822766564,0.8802049190957649,10.0,1024.0,Email,69.75929549618412
690,3500,2.415,1441.1295498175175,121.54051190393017,24.508639165618398,49.67222099257966,1137.1803548318883,0.8997868533486177,0.256,2048.0,Email,60.64080902877008
3414,1767,6.032538,3731.891441955716,179.4130664559692,71.25915175249115,3.83128066953737,4401.411067074013,0.8392770886622588,5.0,250.0,Cloud storage,43.58944336287614
2449,3363,8.235987,4562.68865097191,215.26675698899035,93.31810069203284,76.24928688266654,973.8360542901441,0.9541819415661832,10.0,250.0,Cloud storage,76.26618148768763
4406,3015,13.28409,8721.94907054064,68.02706333555585,44.4897384834081,40.39075765851294,914.8755684154729,0.8233014860852076,10.0,5120.0,Mobile sharing,42.18752680743043
2522,3684,9.291048,2714.85304731171,76.81929882163342,49.06932465403413,40.17218825619656,88.91610010647241,0.9794667261027228,10.0,2048.0,Cloud storage,81.21462115133654
2831,3377,9.560287,1766.3965358902633,85.57074548916223,55.17062309077049,38.411536093045186,3837.9914829146155,0.9558505037819851,10.0,500.0,Website,70.18114684576175
2076,537,1.114812,230.18216668359713,143.39176711283648,79.65478480303398,75.71808702101178,4464.03675372605,0.8447223533049836,1.0,5120.0,High-quality archive,73.6558663143154
2246,3837,8.617902,3511.1922007346075,77.97722099136047,38.10408534526239,14.190553492500499,6434.168871030462,0.8280553353978349,1.0,250.0,High-quality archive,52.44981477873174
870,3319,2.88753,1236.9487487284823,153.91022460162742,43.61853403325878,8.631594815031942,6000.299229320569,0.8252894720872183,0.256,250.0,Mobile sharing,30.0
3034,3792,11.504928,6744.360308434306,128.40582197041914,34.32067617977144,31.587366715480538,5118.224802960042,0.8306166631610562,0.256,250.0,Mobile sharing,36.01694793955974
1010,2585,2.61085,1786.61364986168,106.16440143853544,20.206210174201267,47.07806965766949,4486.5103417444425,0.9084579157656314,0.256,2048.0,Website,51.46974752438012
1309,1371,1.794639,672.7896747917222,218.68120619743277,93.38190995597932,13.598589293704798,2605.61094358565,0.9160514352074631,5.0,250.0,High-quality archive,74.5826350365943
2605,1340,3.4907,2348.0843726072303,113.20130633797939,76.013668683801,34.70983980799825,966.0938894109065,0.8200667067044966,10.0,500.0,Email,40.01452117962522
657,876,0.575532,186.91636119205575,47.59943534798524,40.427202698731904,23.08843043719331,87.6676087364758,0.9055683061088643,0.256,250.0,Cloud storage,60.43304382903031
1932,2708,5.231856,2842.5507743396965,85.05656910264429,41.33549368521872,23.24655752645215,6700.375772197534,0.8493088965813882,0.256,250.0,Cloud storage,40.01013098873895
2447,3111,7.612617,1405.6799032335919,156.6325371405674,63.966580392151684,56.313357133993236,5424.4350556653035,0.8722172820468121,5.0,5120.0,Mobile sharing,45.34413158844751
3925,3296,12.9368,6998.141692966236,103.10657263218674,37.6425990450108,37.64639970547916,724.3610057068412,0.8269025572952383,1.0,500.0,Email,41.94624202364102
418,948,0.396264,178.41895962032498,99.80938749038098,60.64304117480593,76.1092136597432,4584.041930909859,0.9163971196725607,5.0,1024.0,Cloud storage,69.92094301815588
441,2914,1.285074,885.6204880231252,115.70396176891212,46.37641632113606,38.10530473393349,3007.5305779455643,0.9330845212014944,10.0,1024.0,Website,65.74068404566246
2052,3975,8.1567,1231.057671249349,135.2851163840375,79.91047612182118,57.166559043015866,1429.024884992714,0.9364854786205392,0.256,2048.0,Email,69.89141043572754
3655,2642,9.65651,4618.1385052644155,194.5596485326745,25.8857849466753,18.976757369944863,3427.4880511862466,0.8864950716162731,0.256,1024.0,Cloud storage,48.68986669033558
4025,3923,15.790075,10960.972093846744,131.1248025507242,54.865905929767244,48.821073865381784,1342.7303738125513,0.8435462212297511,10.0,2048.0,Email,49.67422382698461
763,1443,1.101009,162.8317699521403,195.74959446391168,17.58630926758662,64.4986161748322,2704.8204850401376,0.8596284801104259,5.0,500.0,Cloud storage,61.61173371804974
1114,1649,1.836986,443.5056941676199,117.9082000121872,50.57239762331165,20.71029022451595,3977.093651452311,0.8433497098850721,5.0,1024.0,Cloud storage,47.545993548200045
4327,2147,9.290069,2857.7317004733645,120.92679549549165,49.69994875545393,77.45051607112461,3455.052419697416,0.8561043828658744,10.0,1024.0,High-quality archive,69.87601174027354
2019,2640,5.33016,2724.558912352049,194.25173648078527,60.273192943932415,55.48595890663244,1282.0061894377898,0.8259529661173503,0.256,2048.0,Email,49.98559042363718
2721,728,1.980888,1316.1228319195334,218.06905917124354,64.30058332819956,34.04825636035806,5841.014809700161,0.8887027723887491,0.256,500.0,Mobile sharing,46.35236224462691
2042,2489,5.082538,2546.3768388969834,56.04062665181145,53.5754231726642,23.116926030372653,6200.163859132149,0.8421444478425922,5.0,250.0,High-quality archive,53.09486868560516
3713,2031,7.541103,4583.995092329022,49.179629922169234,79.0860906086274,6.061449733220982,245.08658280200095,0.8554066063489042,1.0,2048.0,High-quality archive,64.11081264452369
3131,649,2.032019,1106.3828192244018,74.93138087353921,67.51336989285869,64.4936172430622,462.3516017885237,0.9431606327142783,5.0,500.0,Mobile sharing,63.8528640546189
2517,711,1.789587,1088.1030601427753,141.53846940189516,55.37322222777377,82.42149449402596,2374.815031587662,0.9351500609703367,10.0,5120.0,Website,68.93015715219667
4671,3813,17.810523,3652.150127812162,186.24311449740304,79.35954839580026,55.838629310635916,1988.083659755504,0.9744237234605304,10.0,500.0,High-quality archive,86.06309346632978
1957,3001,5.872957,1060.9748393472184,166.6885779808751,82.88923970325095,31.650506856756763,4980.474619764442,0.9553518402324606,0.256,250.0,High-quality archive,73.62442971772666
4779,900,4.3011,1799.2521737575858,135.98487304815194,71.51917748805505,43.07672094558786,4222.268424523131,0.8569441631058203,0.256,500.0,Cloud storage,61.32437675408573
1679,795,1.334805,628.1831243172005,70.01454182462913,82.72316783386975,50.481604215991084,2851.189039558384,0.8898951518703415,0.256,250.0,Mobile sharing,49.109647585215484
4805,2074,9.96557,5534.6391387344365,107.01894345806227,49.19391599046352,30.629713988872762,1098.8922995392702,0.9342094742724241,5.0,5120.0,Email,69.25033828928927
827,3570,2.95239,1144.1006288735464,88.9725765186073,66.03389996806587,81.2858027762946,5103.002004771804,0.9302093719221517,1.0,5120.0,Email,71.28567820114255
3953,768,3.035904,1144.2887361518428,86.98523850844198,54.9905331783673,29.910591457648685,6602.213919180307,0.9012745349519939,10.0,1024.0,Cloud storage,63.22760566231225
1026,2701,2.771226,1181.7317660491403,59.51929535066874,84.53662486643957,32.43905223579147,3056.420088209172,0.9085437132188623,0.256,250.0,Website,47.93811657984295
3629,1403,5.091487,3486.6461660041487,168.72537098386778,37.74389475292139,19.766929911145215,2107.8110346494555,0.9601161202666307,1.0,500.0,Mobile sharing,53.3265758391137
2760,2940,8.1144,5088.0064936146255,160.1285208457598,75.24873572275382,17.21279729626836,6147.984402453415,0.8405405062490424,1.0,5120.0,Email,50.27786753389128
4890,1907,9.32523,4539.819560606024,95.5839984042581,25.667936414439467,52.291931611701834,5324.947329194537,0.946911739873145,1.0,250.0,Mobile sharing,51.58306704738473
2881,3329,9.590849,2127.4382553854625,74.45962783642824,15.19291179453421,46.02000082441362,1403.037793190559,0.9739542168988169,5.0,250.0,Mobile sharing,56.597956062350484
1360,868,1.18048,165.57874002636575,179.1252969007711,49.72037413207143,80.63652264420155,3763.2868808966687,0.8451972590361094,0.256,1024.0,Website,45.78663865569756
949,3560,3.37844,1769.67691718946,99.83537288439368,57.22562582457123,57.89737543346833,5490.861130685706,0.8236030147192395,0.256,500.0,Website,45.032281316223
926,866,0.801916,166.624615853104,113.119096200925,50.32982290894644,11.94537702155391,6420.786723360352,0.9158633484140332,5.0,500.0,Email,59.70458319391285
4397,1531,6.731807,4153.314132911107,144.2528578980157,54.591665151483475,77.69260305383901,5873.95890272677,0.856097472677095,10.0,250.0,High-quality archive,61.49586435501602
1104,2235,2.46744,1282.3686549811935,179.5191741011121,38.62508058758007,26.341335516070313,3461.2793854943766,0.8637678901642395,1.0,2048.0,Email,50.55240553325823
3790,2099,7.95521,4316.22540597415,131.98313812344747,72.02973775736073,21.447396319249478,5184.959169234641,0.8626569131278684,5.0,250.0,Website,46.04865357197752
2957,1688,4.991416,2742.825403676218,216.25367625790855,84.2993535806052,35.92464677978265,4270.093744267562,0.9786832214804326,5.0,1024.0,Website,76.04258164372007
433,563,0.243779,141.508656096407,115.48938182635077,34.74503125033556,31.509106514197654,5313.741422497844,0.9589599188041402,1.0,2048.0,Mobile sharing,56.01812008073757
3780,3046,11.51388,3167.375248978057,160.22125423248514,16.64344276225151,84.27075140322705,1863.992456178046,0.9263672149797734,1.0,5120.0,High-quality archive,84.27210627269558
1894,3452,6.538088,895.5874871186223,118.97565623622741,52.76300980249108,33.67543848721634,4125.373986788473,0.8723182582880462,10.0,500.0,Cloud storage,61.78206426742344
3064,3708,11.361312,1740.7570582332999,214.13024518425584,18.73175234068902,51.27819489869503,4048.7076611903954,0.9458224369123706,0.256,250.0,Cloud storage,65.85418016343252
1348,3107,4.188236,901.3825561462293,124.19457414247152,73.53184721687455,56.40183816017986,1513.6990934860114,0.9750359845185665,1.0,500.0,Website,77.31777797076704
2463,3652,8.994876,2925.0257466475537,224.9029868159713,39.21532379815349,5.164459600168688,3614.804964009585,0.8333768615958362,1.0,500.0,Website,38.853897671722294
1811,2936,5.317096,844.7800991792567,120.25047653244124,28.731001010307942,13.081461824973944,4130.104622774174,0.9388586534904813,5.0,500.0,Mobile sharing,50.440270676195134
4504,957,4.310328,1832.989871375443,84.17863445517227,82.66286704820874,5.913453278379845,3938.590173437076,0.9354594456047947,10.0,500.0,High-quality archive,81.96583536384271
2038,1265,2.57807,1569.3442744868623,49.92354312816688,27.794207349474505,34.24073587995647,5985.685813947346,0.9600701183670786,0.256,2048.0,Cloud storage,69.44982997097465
1456,2099,3.056144,603.0748524650514,214.4188505086366,50.05426326017708,59.60716343120795,4048.110352815016,0.9002745466963531,5.0,2048.0,Website,60.46280545211895
1753,2917,5.113501,2216.7724587013813,157.58533252653552,63.511542440721726,38.51593901387768,4392.10987040663,0.9412183004595059,1.0,1024.0,Mobile sharing,59.549809148096834
4856,1667,8.094952,3828.9331107435996,177.3730777334407,29.24386362060435,42.27951349974165,1838.2681166899822,0.8205591969774955,0.256,5120.0,High-quality archive,51.47827772862155
1912,2249,4.300088,1181.9514464584577,166.66528993785496,49.784086763994196,68.87466174066135,6996.650865757598,0.8591044869564876,1.0,5120.0,Cloud storage,61.59634834094098
1629,692,1.127268,157.74118146586838,56.73515590624237,36.735659781813624,16.10874762457742,5138.505741530041,0.836896766538864,5.0,5120.0,Website,45.613145600332246
2908,790,2.29732,311.8859719393467,170.88895082120783,35.529339675083364,44.77888562129753,825.7315243714825,0.8400615582511928,10.0,500.0,Mobile sharing,44.666055800851474
2294,3786,8.685084,2450.7041773760466,188.61490801923924,36.86717257536102,3.235447509774664,3024.000357405151,0.8220056335485559,0.256,5120.0,Website,35.8204995973274
2799,2498,6.991902,1712.3588993812195,167.9897752314409,69.18037149426766,7.958013061879925,6171.883389133479,0.9467947009661776,5.0,1024.0,Cloud storage,77.47175174954641
1609,3735,6.009615,3500.6796507488107,108.34637138766536,16.895382025304897,70.0968300216169,1482.3526489965627,0.8742451107035981,5.0,2048.0,Cloud storage,60.43131974229108
469,659,0.309071,44.707475519188705,209.16157344549654,39.91061954149245,57.17402283960482,6925.184980673308,0.9040151673369887,5.0,500.0,Cloud storage,67.60828696522877
2796,879,2.457684,1662.6504867318195,184.72836640267892,48.938129362659,30.260475980667728,6190.544130880694,0.8417257321002549,10.0,5120.0,Email,50.36467057453308
3707,2976,11.032032,6503.887370314911,125.6293382800598,30.382718091381946,72.27095496391478,2604.1829981205374,0.9016025891765503,1.0,1024.0,Website,54.90739278939913
2401,556,1.334956,505.07139515120537,204.42334413278874,17.885016755178036,40.501743318572764,4640.697166377211,0.9620337739267176,1.0,1024.0,Mobile sharing,57.068077047167755
2898,1201,3.480498,1152.39768618815,214.0051320463281,85.8780090474149,48.75214458047377,3354.6439476741743,0.8294063458507225,1.0,250.0,Email,47.81341121321465
4504,1727,7.778408,2250.1439680129324,100.15491522104081,24.852846869831158,62.18675878706925,3918.8555030562607,0.8574565476519831,1.0,2048.0,Email,54.93455755189888
674,840,0.56616,221.55904796091227,128.89017597520407,28.343777105904195,46.58957730177981,4261.541946909226,0.8447558238414202,0.256,2048.0,Email,46.573916511445745
4339,686,2.976554,1450.357646131216,194.44246636070065,74.19157049852188,71.92726754193878,4395.242788072126,0.891913145682239,10.0,500.0,Cloud storage,69.96180716921806
2203,1906,4.198918,855.3459394679528,115.55209049060173,46.15559257620969,5.834876392094981,1962.1587495180631,0.9124712914255401,10.0,2048.0,Mobile sharing,48.42530952875868
4108,3138,12.890904,7525.171518358777,53.67406832702695,93.16050944127939,4.20929064590896,4198.024363610849,0.9468018414906819,1.0,500.0,High-quality archive,77.62708755997528
1018,1703,1.733654,285.2736945125438,36.60768862697287,22.588962408895064,11.069586717843837,4295.683952886562,0.8928741280277027,5.0,250.0,Mobile sharing,45.059400297375866
3582,1972,7.063704,4048.3066429733854,207.8956502382525,50.06692769900653,9.681686371354242,5601.1647376379915,0.9616272693236374,1.0,1024.0,Website,69.27591975254013
4853,558,2.707974,1264.3996607166034,207.87520320687486,69.23104204162605,29.014385027368217,4518.07385381527,0.8961328094959132,10.0,1024.0,Mobile sharing,50.06382546852139
4170,540,2.2518,1041.0150590193969,123.29041936195144,93.16895363688666,45.34393272931033,2726.9456009663495,0.8831893669005657,0.256,1024.0,Website,48.37064945573066
2708,3002,8.129416,2820.727438186801,107.98743343979618,64.35785995014437,7.989443561072817,4604.716680900266,0.8924841782858626,5.0,2048.0,Mobile sharing,48.34027705295083
3708,1268,4.701744,1615.6968649562832,97.1371615281424,72.14736811956156,50.707998449516566,4441.020747145126,0.9088836651369336,5.0,2048.0,High-quality archive,77.6538226017668
927,2400,2.2248,489.718570223819,112.37786846528846,68.11950587328599,43.43187188176197,2688.16117987166,0.9436521143195965,10.0,2048.0,Mobile sharing,62.2970345312767
2820,2851,8.03982,4656.676356268401,66.9078855622694,37.86339816884776,30.723017669384298,785.4542312964369,0.9002887704121708,1.0,250.0,Email,53.93288132081672
3093,1084,3.352812,671.89871915886,219.12647824379567,67.6592244648885,79.78897500609605,3454.7201543529623,0.911899387269031,0.256,500.0,Email,64.92510621508251
2968,2725,8.0878,3909.507356293026,176.49132218146775,54.51368849260117,53.708999908477566,1839.4157579382431,0.9758012428429835,1.0,1024.0,High-quality archive,89.8629499857141
1601,601,0.962201,473.997534006406,221.8421717235266,86.66355974770254,60.57257453388591,6934.655606500382,0.8742801797442233,5.0,500.0,Mobile sharing,51.61405479357966
3165,677,2.142705,525.0410222925027,216.16519281735242,94.64780213957195,33.41674544997657,4979.141453236531,0.8852433169061185,1.0,250.0,Email,56.6911268596057
4060,1240,5.0344,1595.9278859068947,75.85412079556613,23.98760952465971,20.829131207717857,6345.011371217407,0.8719610630008374,0.256,1024.0,Website,43.32783148210465
2830,1421,4.02143,622.3140177120956,158.2282303392318,60.078304124484816,58.839233800084706,3992.441819999297,0.8900645731881061,0.256,500.0,Email,57.65841913150488
2329,2200,5.1238,742.181906630366,97.3657573388719,69.22978348516236,11.91479725428146,487.09413412072365,0.883643955382776,5.0,250.0,High-quality archive,66.79420803671871
4088,3029,12.382552,4613.589377178654,85.22217261225614,63.68909909939824,54.511819926115386,4375.297305727482,0.8714845781950209,10.0,250.0,High-quality archive,64.03246135595258
1423,955,1.358965,272.6399030422272,210.99383100359887,16.107811677917432,52.352334617378375,6634.942880393951,0.904335694267594,1.0,2048.0,Email,59.05018410724833
3600,659,2.3724,1413.3540372137697,176.61757640325007,79.67595291942726,83.96189341746779,2623.775950806444,0.9395346020697237,0.256,2048.0,Email,68.7261407552988
2337,3063,7.158231,3989.6175041424835,203.29157836601573,42.94573401888443,56.58547120117667,1998.018499598148,0.9401880224275084,5.0,250.0,Cloud storage,69.71876419848796
4038,2069,8.354622,2675.93876743134,67.1169058425298,35.841392415402574,77.7952344017856,2197.338319744746,0.9759614933672977,5.0,500.0,Email,75.59206144364285
4805,2466,11.84913,6247.0500716576935,157.3520098557444,71.53988668780713,77.25485797170764,3966.112997634246,0.8633320695115039,0.256,500.0,Cloud storage,53.11413776276028
3657,2227,8.144139,3828.1595373812224,107.69956186706828,76.91164200702842,62.32986047951698,5014.380914742142,0.9344496278455912,10.0,5120.0,Email,71.53237950138538
3667,3881,14.231627,2817.0058304644804,155.07220555283425,72.35412367486364,42.13207369825748,2053.0482858757086,0.8783596288465124,5.0,500.0,High-quality archive,64.40334990967997
4581,1602,7.338762,3365.1292098635727,110.23859236227018,22.671851584067284,49.317072781828486,3788.032557601625,0.8477115338613112,5.0,1024.0,Mobile sharing,43.59538880667948
3787,3185,12.061595,4053.8400830259534,82.26430949609147,91.09759095766205,49.01983686818863,238.62271424505312,0.8514812897470305,10.0,2048.0,Cloud storage,66.6773789206506
4015,2654,10.65581,7250.002159302662,87.13801868459439,76.31596649787348,28.982117033953763,4422.925674865681,0.9156393735927348,10.0,250.0,High-quality archive,71.18792176431316
3023,607,1.834961,372.363070464108,83.953973356077,87.55641785940499,45.52787937842828,5588.397584943481,0.9375908957744865,10.0,1024.0,Mobile sharing,63.448982593758615
2200,2265,4.983,2758.5704762178048,206.29912216145817,62.8930777966147,46.34310325689848,6236.629775299673,0.8927138765062714,10.0,5120.0,Cloud storage,67.91604971562207
1566,404,0.632664,272.75835459653894,48.98625982511224,93.12344107624509,3.4510962712634994,5041.139973665592,0.974808320843529,0.256,1024.0,Cloud storage,70.20028297977069
2155,2284,4.92202,2192.3800377649204,222.47527601594342,93.38188280365755,30.656383727719795,3404.790361862834,0.8360729289276505,0.256,1024.0,Mobile sharing,42.80470472247126
767,1303,0.999401,478.6183642397946,205.94162282228822,15.076426673878442,21.772569493251446,1508.94096510137,0.8465761940379363,0.256,1024.0,Email,40.850105630596495
3279,3302,10.827258,6881.836330688269,211.0516675938901,67.81406514557607,19.186505671956514,642.8112000023598,0.8571239926091199,0.256,5120.0,Cloud storage,57.720134005256924
1108,1774,1.965592,620.5397107039396,131.90201062922242,38.33504731739205,83.3323210357562,1587.488660670813,0.8886993401120284,1.0,250.0,Email,63.63050320746098
975,1539,1.500525,315.11890927521443,145.96417065697557,47.53097104480134,16.98401154163129,135.73634292198045,0.863734928558384,0.256,250.0,High-quality archive,59.822048248437234
977,3316,3.239732,1750.169960668323,215.00290522333572,49.161233386965534,61.03971468453193,4674.1249686090405,0.8685732008372253,0.256,500.0,Cloud storage,57.04057320948159
2837,1820,5.16334,1341.5011805360316,223.75848115327025,24.246304508293477,81.38289041428888,5672.871704591897,0.9542229630892562,1.0,2048.0,Email,72.52865357358543
4717,2677,12.627409,7088.363123719988,176.68030049931377,36.725229643526205,17.851789796621876,2330.454738206117,0.9118049195301883,1.0,1024.0,Website,50.78534424439925
4249,3679,15.632071,4379.932730961988,125.98729479763924,41.834869930236884,22.264110723143798,121.20525466518218,0.8743139152913104,10.0,500.0,Cloud storage,52.69413545240213
4316,624,2.693184,765.3925782414287,43.50620309779892,66.31343236107489,49.591543802627235,2395.486160367589,0.9732671732429976,0.256,1024.0,Email,71.65858318802493
3088,625,1.93,1138.1672257355901,205.31220941414304,45.616843487810385,59.582075602910066,1647.7180175974588,0.9242968075459261,10.0,500.0,Email,68.6195530586846
1742,3839,6.687538,4179.78936684428,90.2589445657454,94.82058513862884,29.0044693136358,3238.9670958905695,0.8687354162124865,10.0,5120.0,High-quality archive,70.10618492742753
2472,3772,9.324384,3456.9194215271978,93.78788809870903,69.14194446918543,14.149489984950486,1667.483779751515,0.9338201926003973,10.0,250.0,Mobile sharing,50.22241255352077
1948,2966,5.777768,3272.0481198456882,53.02742394761701,83.15964875355826,62.36572869265724,2408.0973914185306,0.9365278184545054,10.0,500.0,Website,61.53006937018525
3164,690,2.18316,1527.2910207941495,144.92492737001822,79.69742974097984,64.0304448198778,5997.868394135088,0.9727239778214621,1.0,250.0,Cloud storage,74.18221680629217
4962,2510,12.45462,4808.706187392684,143.43731165464214,78.84341875884068,79.4005873640382,2951.039985129979,0.8514878700546255,5.0,1024.0,Website,50.174490664084786
2858,1041,2.975178,1311.5827703992095,174.73461379788293,66.95878321655934,32.38853221307573,89.82975995619319,0.8384777397796718,10.0,5120.0,Email,49.42046908334402
3098,1570,4.86386,1349.9457424155742,117.9190958011071,70.19520236896582,32.259869157953844,517.692241731531,0.861694239117029,1.0,2048.0,Mobile sharing,44.78274606453005
1894,2428,4.598632,1978.2378212324725,86.4639922861173,59.308998504499314,43.40204346771352,5582.025253133895,0.9729574830944323,5.0,250.0,Cloud storage,72.2037194456393
1571,2937,4.614027,2421.2361414616457,106.11717045706973,42.51265563719368,3.4624377554463917,6876.323878729289,0.884372579827828,5.0,2048.0,High-quality archive,67.35232873915565
2901,3628,10.524828,5107.858555629649,132.70972863988783,77.96598583421064,57.01690061651764,4229.977948056741,0.9504425126888502,10.0,250.0,Mobile sharing,61.4761444860191
4529,2976,13.478304,3866.1601642145856,72.17343093260493,32.10819803647993,19.247550801423525,3690.2862267799824,0.925485737827096,0.256,2048.0,Cloud storage,66.46132698907114
883,1252,1.105516,264.61635677520025,222.84579052791565,39.239704049377394,21.20925505409213,1417.5502733195412,0.8798164647685585,10.0,2048.0,Website,49.383624442793156
4792,1712,8.203904,3993.6888414224672,126.59138067308362,82.71962770027187,49.66142572699169,2064.747119559746,0.9512103180836793,5.0,250.0,Email,62.869443885458956
2541,912,2.317392,561.421030231908,184.4836157096851,63.076099547981286,46.85452642024244,3621.873176728,0.9565457828451887,1.0,2048.0,High-quality archive,86.3795497142724
3212,575,1.8469,712.0402249895354,207.52789678864647,71.93893834756952,7.1782262006045805,6193.7463609497445,0.9074694738511244,10.0,500.0,Email,57.88273524542718
503,953,0.479359,149.8552964963319,154.49282759152038,88.03304671057396,32.339242255277256,6027.16529104,0.9669377616640826,1.0,250.0,Mobile sharing,66.27717757978746
4289,2955,12.673995,7115.187567951739,109.55920154124027,67.5403690218284,53.19700662368688,5191.435983127367,0.8337393276784578,5.0,2048.0,Mobile sharing,46.509782419220286
1127,928,1.045856,680.5586942204424,186.5083312234243,24.337484854076745,50.090260533406045,1351.2528513244674,0.8789414300094084,0.256,500.0,High-quality archive,62.48935409052228
4064,920,3.73888,1863.1666308617187,221.9399861174717,69.96436666029068,9.497146098570695,6359.554038639548,0.8930097567368325,5.0,2048.0,Website,53.67727671017992
3434,3737,12.832858,5554.744230528903,120.96500585141116,20.80731410589322,67.53975040804339,928.5616183107807,0.8831312016461296,0.256,500.0,Email,51.7831182727325
968,1849,1.789832,863.1736747707816,94.16358931946525,28.800955015862115,74.28813586159586,6797.2869165070915,0.8723231539751337,1.0,500.0,Mobile sharing,51.991535216047396
618,2143,1.324374,874.4019753648342,173.83462324629724,42.941553509662,82.379806864929,3029.8674276273287,0.8642868390359433,5.0,1024.0,Website,57.916136361664066
777,3588,2.787876,936.3605302537964,160.01410325392106,46.12377590617308,76.94197627304493,4514.54622442363,0.8411428750690141,1.0,2048.0,High-quality archive,67.07062548973343
4548,2188,9.951024,6273.307915306654,45.34368120493748,40.12615338636573,47.019928898576104,2411.7096355008866,0.8962774808606172,5.0,500.0,Website,51.95259299165921
775,532,0.4123,90.64767686656738,216.05983766471425,61.03225066693908,43.09473027279203,2721.0506831746748,0.8426015161449749,5.0,250.0,High-quality archive,65.17059473687101
1670,2461,4.10987,2338.32182716232,205.4508703517641,80.86980730965249,18.105032569380025,685.7181369125008,0.8471104960872077,10.0,2048.0,Email,50.794306168326955
4578,3731,17.080518,5123.865030188879,194.66486182257609,57.89884280176773,70.468931564553,3861.135654541007,0.8326751281716955,0.256,5120.0,Cloud storage,61.82769990428457
4803,1864,8.952792,2982.1101819267597,106.99753818033969,90.59974623154704,8.14177616706042,877.4759473069792,0.9463442424770958,1.0,1024.0,Website,65.61352599220582
2601,524,1.362924,351.3803136896471,84.5540401649515,16.13704236597136,20.719424143649857,5181.3166118191775,0.9637177327631549,10.0,1024.0,High-quality archive,77.71708087585142
2193,2573,5.642589,3207.9475904063625,137.0968953724353,35.38171461515173,29.347047136578585,3631.782224364241,0.90673326716652,10.0,250.0,High-quality archive,62.9057206090465
3841,2472,9.494952,4422.940433109324,75.17951541322566,76.19897430409983,63.45569064753111,711.3479151631102,0.9253109992527807,5.0,500.0,Mobile sharing,58.93276848542633
4243,814,3.453802,1357.4968816027272,53.33948766807251,23.449697720870077,19.219965201199905,2015.117406597894,0.8994249287135679,0.256,2048.0,High-quality archive,66.62866446936748
3579,3973,14.219367,3157.65929704289,148.88181386720802,89.3152348697072,71.26560867589983,4552.8299515589615,0.8414729002728583,5.0,5120.0,Cloud storage,65.57891726833444
444,3985,1.76934,590.8161732000568,77.51113077825013,88.30773779045941,75.16459191866072,5741.652797290509,0.934231087746238,5.0,250.0,Mobile sharing,65.03620373382071
3792,2753,10.439376,5178.84016432735,105.19061410335138,52.814933314847764,43.11024983551513,1717.5005225882194,0.8869423287461602,1.0,250.0,Cloud storage,55.638609431961214
3174,1420,4.50708,2464.3065130516648,188.3302094551551,24.080649704684287,56.556222739423156,3400.66950576825,0.9115889507596627,5.0,250.0,Email,56.405433775754005
3039,3830,11.63937,1536.2187169038668,75.43040248788706,29.415533896716,67.06697041694781,4206.6564108271505,0.9502353528510177,0.256,500.0,Website,66.26291699373257
2025,1757,3.557925,1519.8983024713746,126.22706907745781,36.96672021299541,37.813595074494906,6362.943191487386,0.9004630618366791,1.0,5120.0,Website,55.865809791511815
1176,3167,3.724392,1107.4369612307098,185.1785631084375,36.14572903879885,4.603097674723786,1167.0661550849666,0.9715300227026286,0.256,1024.0,Mobile sharing,54.884678827352715
4999,722,3.609278,2318.596261711748,176.31747482055982,41.57956123216703,44.186788768332434,4649.227421770684,0.8238480761077234,0.256,1024.0,Mobile sharing,32.70608200299896
3032,1077,3.265464,1250.5441405045867,136.1807245451373,73.84522975673858,82.08520428503482,5945.515058629826,0.9133825079735695,5.0,250.0,Cloud storage,67.4465994529319
3174,1510,4.79274,2530.705445453244,171.10399202462457,55.998428981362196,74.37178364300853,4723.4357791589155,0.8780263452571226,5.0,250.0,Mobile sharing,48.4123894399779
2889,1666,4.813074,1893.4634818059355,66.70551270660076,30.146264513810568,21.877331419905577,5474.567710055095,0.8812702376662046,10.0,5120.0,Cloud storage,55.634172902057955
1192,3156,3.761952,1328.078803473255,43.653062331012684,41.6908029701068,81.84572588837327,3577.157078489769,0.9516231450936302,0.256,250.0,Mobile sharing,53.287629474434155
2523,3807,9.605061,3348.5603690286953,158.19716440518124,93.09014233300715,48.16459601912031,2172.154347139715,0.8287419518929374,5.0,500.0,Email,47.37845984005794
916,1539,1.409724,722.6665948695305,91.68265537522214,32.69291353658437,59.01228129493795,6440.747850257713,0.8678622545683377,5.0,500.0,High-quality archive,67.82562872041085
1586,3616,5.734976,3733.4742111179703,90.69929952127201,24.62500540770791,39.07980090388045,2105.5658127312086,0.8258615906885671,10.0,2048.0,High-quality archive,59.80457963026277
3315,1855,6.149325,3078.1949280912104,215.4853618342522,21.052757010005383,32.46082437169166,110.56714642079913,0.9769894035505309,5.0,5120.0,High-quality archive,83.8055440418771
3686,465,1.71399,581.3384646259211,84.12221369027134,82.75458217940017,16.15972106829271,5545.013765770958,0.880382683424798,5.0,250.0,Email,60.04607236613888
1070,3063,3.27741,1246.883662019182,105.51423574501902,87.45825845046842,70.3377282716424,5687.741229159155,0.9185917556739829,10.0,5120.0,Cloud storage,77.39338707332632
2796,2933,8.200668,2956.629585462099,148.9997736263415,94.85224004901542,83.7310320153761,3612.7021644487654,0.9635714830619682,5.0,250.0,Email,73.51219778956191
4933,903,4.454499,1398.2879431771544,205.3468445848585,76.46820046803845,63.86311182400303,4692.066451753581,0.8864422159411813,1.0,1024.0,Mobile sharing,57.35772638653937
1965,1457,2.863005,1489.7765831502827,172.97961945055175,82.5644791489223,29.230618437975288,5206.130404525505,0.8420898766323047,0.256,5120.0,Email,50.954169326024065
2319,1003,2.325957,1498.1038080232045,44.2974021499102,82.0649377513823,44.72768227538208,4928.642074196172,0.96190898708771,5.0,1024.0,High-quality archive,89.24260409741719
3661,409,1.497349,618.7723968552476,215.35410510362843,60.80974972905567,33.581009323234795,264.9080187123478,0.8723450657372868,10.0,2048.0,Cloud storage,59.05771102425758
3641,701,2.552341,424.5900384319603,108.15007194765028,40.37048110697599,60.42102470753072,5747.488344835881,0.855591266782668,1.0,1024.0,Website,51.79516296875578
2593,1171,3.036403,1713.1510675003299,185.74568089292376,77.11235707614426,14.675809849038151,3879.6913559055,0.9786378074872144,1.0,5120.0,Cloud storage,75.01060234218238
3408,2109,7.187472,2781.535604795062,181.60544402011504,44.42861824243221,54.86569668459903,3606.3300979969417,0.9787087054748788,1.0,250.0,Mobile sharing,61.326716061401704
3199,1845,5.902155,2341.7153550870908,135.434357901096,36.229323954686386,82.01991029408502,6384.836076381786,0.9795071315535236,10.0,2048.0,Email,83.31544438097255
3481,2290,7.97149,1144.457097005449,193.53676849556564,54.78288193688053,58.20404222084026,2649.620126330428,0.8789797046186905,0.256,250.0,High-quality archive,61.600312767421656
2747,1870,5.13689,1325.9901830667936,81.99142197255583,61.73116643540094,29.05725828823925,5820.250767670163,0.9124231914520069,0.256,5120.0,Website,56.25303884011832
1136,3967,4.506512,2235.724232183249,116.2107399818498,55.75797481034036,17.838114518666053,3267.956680667491,0.8796848622550865,1.0,2048.0,Email,57.14316746865396
2105,3205,6.746525,2515.209065413031,79.79652286505214,36.89509751668677,6.713388457514199,3802.435733676325,0.9430578730908112,10.0,1024.0,Website,57.7815433801374
2413,2442,5.892546,956.7443473717351,110.85231778847387,83.52921139071609,35.24048836714411,869.2345217608714,0.8625519200553273,10.0,2048.0,High-quality archive,68.9019651662728
4001,2757,11.030757,4188.955350134471,98.53400515589917,34.27403844185311,70.51305884025018,2806.883934870641,0.8904568308219815,5.0,500.0,Email,59.9656892465935
822,2358,1.938276,757.8078651982742,190.08592523217177,87.86810792344235,67.51585136730479,4100.3342203661705,0.9066319936887824,10.0,2048.0,Email,69.710812605922
3018,3322,10.025796,6199.986948026862,85.7712610045478,87.22545665120622,72.59608336731672,3000.183034003446,0.8392702390098412,10.0,1024.0,Mobile sharing,36.64475543810327
528,2035,1.07448,354.9246944640663,213.9928693975583,35.3768183244116,26.059498274599672,4462.051907186743,0.8206182211746733,10.0,2048.0,Email,45.00816945170787
1603,3919,6.282157,3292.5289170257415,44.92084146564518,22.41022469935789,10.229784767781002,6670.724706249009,0.8884169611662297,5.0,1024.0,Website,55.6794012598874
1322,2788,3.685736,1963.7865063115266,180.03162869361574,38.57248710843266,44.40300844799267,1599.7755121128375,0.8806287451928797,10.0,5120.0,Website,54.05169187357574
4619,3447,15.921693,6975.958525310255,80.41755100875767,72.03038853337549,44.046572784826445,1279.0996333440578,0.9215744350426089,1.0,250.0,High-quality archive,79.83412211497634
3782,3598,13.607636,4712.924865827468,86.51597639962219,30.609604436297985,68.94204942104383,2511.443796014134,0.8973438444620695,0.256,500.0,High-quality archive,69.96442076322472
2797,3211,8.981167,2905.1595715739254,214.56508322056638,17.448848764818887,13.901334468471308,4142.0698693454115,0.8601092783214495,5.0,5120.0,Cloud storage,51.95625933404266
2948,436,1.285328,650.1404654810616,219.8335301781209,51.455748801694696,56.153715302253204,4067.3727730435266,0.8708087830220116,1.0,500.0,Email,62.79795604094243
3198,1144,3.658512,2123.608542299751,62.85160429394459,79.34810154890006,18.22973232514294,6771.73867591236,0.8344189189881326,5.0,1024.0,Email,44.738864655324505
3588,1977,7.093476,1976.3808691812865,171.5645485321489,74.30890983598927,29.830879614108,6139.778420334551,0.8630123550221586,5.0,250.0,Website,43.75754756238577
3508,785,2.75378,792.2584211305842,131.3654146792032,37.90876978858381,20.62970007844364,4937.138633594298,0.9543617997200449,5.0,250.0,Website,66.0772237828587
3073,546,1.677858,975.6367570778925,72.40549162722976,34.37827287785282,72.01026493375174,5201.288053818017,0.9180597582367233,10.0,250.0,Website,64.09794414606027
4526,2199,9.952674,5527.846379393611,123.17916419644642,16.383441953182647,18.110139890679378,4141.928562360516,0.8253485300339046,5.0,5120.0,Cloud storage,50.36127996394268
599,3445,2.063555,905.7135885890539,58.503376571769294,66.8575467921138,66.73247618322213,6795.090813077141,0.9717451138620343,0.256,500.0,Mobile sharing,63.59778869895586
873,1585,1.383705,738.6683151180764,46.362229761782466,43.77701261371429,27.43883289884637,1574.452168941888,0.9254555208038998,5.0,250.0,Website,59.1478023040035
2863,1924,5.508412,1186.0870146200366,107.85543905168849,67.47056414903204,50.89450196412379,564.5966779021272,0.9733479685994347,10.0,500.0,Mobile sharing,66.58399045412538
3631,2645,9.603995,6422.617345197751,160.91076542962168,91.38186636381633,18.382471743279275,4350.729006361898,0.9014439149207755,10.0,250.0,High-quality archive,64.69820695109178
2065,953,1.967945,716.7842741598579,200.94101298652544,87.03845972047367,83.39133232790148,6199.6907662374515,0.8281531240619859,10.0,5120.0,Mobile sharing,43.39206761983725
3031,2745,8.320095,2951.4475819764616,189.59693455657424,61.07354210582129,72.33466068942835,1396.7117270693323,0.8904602882535659,0.256,500.0,Website,52.280646284665586
421,3259,1.372039,614.2078394780148,48.30067648756091,28.651548750615518,54.07445194179849,2174.3552584217496,0.8543555108137013,10.0,500.0,Website,47.65795453228503
799,2642,2.110958,476.1983331069893,103.91420824417916,70.03094924747617,45.12102670250735,4201.102051889613,0.9692343797064329,1.0,250.0,Mobile sharing,66.46567259550449
2303,2011,4.631333,2331.9460092468175,151.6497139963056,85.93877217329344,7.800303474253521,5871.872608452683,0.9284582982888161,1.0,500.0,High-quality archive,68.68666140379312
2328,777,1.808856,1205.4438457985757,61.96329963261188,35.75508285847074,59.67078872469653,4985.5594433076485,0.9502609857225004,0.256,2048.0,Email,65.71866041537271
2747,3329,9.144763,1412.071198871144,156.02817248392645,27.001903768785347,46.04582175013059,148.0558770273356,0.944788681687712,5.0,5120.0,Mobile sharing,58.78535603200882
2748,3850,10.5798,6821.480305129266,119.3634234751694,46.86785667549173,76.48706077366653,6492.224627732728,0.9429307575748452,10.0,2048.0,Website,74.50595252323531
1329,2780,3.69462,1883.1288880518812,197.8832506064021,59.89411369311618,80.41840952376126,702.8579563150338,0.9582341914375633,5.0,250.0,High-quality archive,83.09315854660758
1976,887,1.752712,706.5304809230878,79.12677001856929,91.16579034671977,48.86434935957958,6289.228617310888,0.8241564095914496,1.0,5120.0,High-quality archive,62.11737257524318
3968,1882,7.467776,4441.425095242392,194.61603080314518,62.03226464145391,82.20607893202283,5051.998035940424,0.9283000601860205,0.256,500.0,Email,61.28338322879168
3096,1267,3.922632,2217.9922045277526,169.87553834306308,41.48177158640753,54.297803912151984,1407.2479823383035,0.9715852950243995,1.0,250.0,Email,72.59103268395044
2300,3227,7.4221,2602.1812199807923,173.61051709633008,91.96928851927049,51.52246880553073,4158.472949211559,0.8783734173957572,0.256,1024.0,Email,59.15955543596092
2499,403,1.007097,628.10103872792,116.594376249124,54.36707880431974,9.847075064926113,5867.918068167474,0.8856993854054905,0.256,1024.0,Email,52.13112757110832
4265,1920,8.1888,2041.542791675266,170.89423769140654,93.2398818849382,48.06831825206549,4860.67809557575,0.8829162655361613,1.0,2048.0,High-quality archive,75.67728718780903
3862,2931,11.319522,7510.2692741779265,146.84400387853884,61.17099523607703,27.979445824950737,4981.911063588312,0.9234105961806289,10.0,250.0,Email,61.57071342313572
1471,2664,3.918744,2607.677601767295,64.75324940890525,25.199767277324845,36.86136947909829,922.9976277651455,0.9768686260008189,0.256,1024.0,Cloud storage,74.68031773426345
4878,1217,5.936526,2291.5102585040295,222.09184762363176,54.094972109357556,3.7235619159678692,1735.5663352418824,0.9782508021457172,10.0,2048.0,Email,68.27254792396091
1368,1518,2.076624,953.4647487809631,58.92493328242311,80.49292189141264,80.04514898338404,1252.2583159439043,0.8940339469751718,0.256,250.0,Mobile sharing,49.741113403963325
3801,634,2.409834,676.6609541450587,223.14249674696728,18.568261385712148,73.43540302873099,588.2954153910288,0.8923391667883753,5.0,500.0,High-quality archive,76.29726865041847
4685,3045,14.265825,7942.741022649622,172.88669988906724,70.9345416394239,5.14242352613522,1856.7198227381152,0.9543832284566879,0.256,2048.0,Mobile sharing,56.12435403115021
2962,1465,4.33933,1207.6297263696579,214.8454287234684,73.22042230825699,13.403021659750678,6567.063247899158,0.873337978713134,5.0,500.0,Website,47.881430554554775
2226,1735,3.86211,1776.1246633906592,169.99490436319692,30.629999784477164,80.42780187188905,2525.400761476098,0.8870999611323063,10.0,2048.0,Website,61.694395321304704
4883,1984,9.687872,4847.355460088158,206.53737843868848,79.02268933163349,70.58923881629144,1845.938439542825,0.9086110626646494,1.0,250.0,Mobile sharing,53.26947287778859
603,1533,0.924399,269.07384320867027,84.26548177766782,37.67034123360516,30.717216236942242,4253.530678629307,0.9133704515040101,10.0,500.0,Website,58.26062023172299
1035,3374,3.49209,638.5366969517698,132.43633982817622,56.64486993514209,50.07921815855297,6205.268305554593,0.9757814025996837,5.0,500.0,Website,70.444400518917
4408,3131,13.801448,4506.466155889551,109.38773886522495,59.23960962461564,22.066035897499784,1595.2990087406713,0.8810223931788927,1.0,2048.0,Website,55.72893435552609
2935,3914,11.48759,2818.7880433025584,109.64323885282634,92.17419983512484,59.580716898575275,4166.335747513033,0.832081660821801,5.0,5120.0,Mobile sharing,48.310815055154414
4509,1263,5.694867,2491.590849953172,109.46369939101122,35.373175308871424,64.93640279742772,3591.4942484435514,0.8254303251662752,5.0,500.0,Email,43.54663838817599
4863,1746,8.490798,3103.750198420214,153.55261338045676,79.13398430527059,57.813811651786395,5957.880381304478,0.9679348085309838,0.256,5120.0,Mobile sharing,66.26855693221037
4558,3013,13.733254,3451.213953570443,120.1100132164639,31.216268873584987,4.8020876731636,6867.276323483015,0.8614634425136327,5.0,1024.0,Cloud storage,56.53674490791903
4974,1734,8.624916,3076.715297556684,98.65887895170397,65.99198074719486,81.7967741800657,3029.0108175433193,0.9268475579751653,10.0,5120.0,Mobile sharing,67.03667769990287
3192,684,2.183328,1344.062871746479,144.0564021494111,48.15310899399055,69.58132041125565,2208.533658912366,0.9453787609543179,1.0,500.0,Mobile sharing,65.5711171649242
1335,1364,1.82094,379.49454306805654,167.63837458638824,28.02778024518166,80.84777012369682,4606.108031102619,0.8534110294856686,0.256,2048.0,Mobile sharing,39.69949162861347
4649,3696,17.182704,3313.312748876953,210.82451716004348,56.60394495952707,57.81059713917074,2641.4845272119005,0.8294624515209321,0.256,5120.0,High-quality archive,59.26611670514232
1715,1712,2.93608,1961.3152981761295,66.8679952826972,27.374755972686042,8.995170880752061,2769.3223827098477,0.8831451503380634,0.256,250.0,Mobile sharing,30.027998228485654
1036,2588,2.681168,1399.7166075008195,73.09388896286961,76.34785543263646,23.45901615672855,5328.445748931265,0.9107836119834225,5.0,500.0,High-quality archive,76.01636809597476
3850,3379,13.00915,8658.918402923273,161.52437820012113,92.16332533547511,79.59713636152527,1402.5283855860878,0.875888771110031,5.0,5120.0,Cloud storage,72.17160071011986
2642,1556,4.110952,2235.939838522655,85.71257882988394,44.71773521344268,37.64359999996032,5245.359382799689,0.9681115626831335,10.0,500.0,High-quality archive,80.00433471412393
697,2535,1.766895,625.8449440677288,130.7944514394802,23.45661032160816,16.749299793053616,2837.653737680007,0.8758972873191413,10.0,2048.0,Website,50.96114225686852
1549,3805,5.893945,2308.660977888958,36.63494155776479,70.05194651804943,37.03498573252388,4731.836479482696,0.8644346425326725,10.0,250.0,High-quality archive,65.51265998692541
4971,2937,14.599827,5169.427486301635,76.64308653411294,52.12054913072812,64.6925789104676,880.0599532065269,0.9267750438086315,5.0,2048.0,Email,72.24172928480286
2105,3373,7.100165,2202.556697793246,40.907307744830185,39.66438453960613,19.787199288365546,3853.4008026307697,0.9669991073891447,0.256,5120.0,High-quality archive,76.31175695484899
3931,1942,7.634002,1151.4292958889507,138.3910664533384,20.06943840405831,79.96570563078618,6075.190152223292,0.9318989887779272,0.256,250.0,Cloud storage,65.47466115719179
3012,3176,9.566112,2289.2664854142417,156.57024602333803,21.422426159675602,50.93621527581061,1528.2983979779801,0.9295898299397696,1.0,5120.0,Email,70.6731803163283
839,1840,1.54376,846.1461332166916,66.10358168858312,60.32189360285705,58.090796513809295,2515.8155703137068,0.9017053096074742,10.0,500.0,Email,64.41814094420796
3284,1074,3.527016,560.5369621278102,206.744828157661,85.6113907398601,69.22249801127109,1437.3040340822824,0.9040733843119205,5.0,2048.0,Mobile sharing,58.58715140315843
4231,815,3.448265,2208.470573961577,65.52965462781283,28.743655473066838,76.88270759199807,3418.0877267068868,0.908585078767689,1.0,5120.0,Email,69.07574419385423
4914,1504,7.390656,2369.1911206573486,57.23936146104851,48.75466842823509,47.99773597347222,1481.433382210621,0.8848431134554564,1.0,2048.0,Cloud storage,67.0197596874865
1418,3003,4.258254,2583.6981003593282,112.736663036181,48.8373820369782,43.728755025322556,3986.1559797500595,0.8700216566711638,0.256,1024.0,Website,49.50797086652017
1190,882,1.04958,485.0703717825369,116.5824887849038,60.274951617896704,57.8642775450287,3072.9265698682866,0.891633568680462,0.256,2048.0,High-quality archive,69.81343916297479
416,2344,0.975104,430.9733972326958,178.78292961439237,93.61158018693264,68.25189251651827,3551.330857920753,0.9141217554613073,0.256,1024.0,Cloud storage,68.17325970607527
4237,3915,16.587855,3943.13393987974,170.38941422637296,85.41239579886746,58.84339126341197,4815.976684451096,0.9000259658001726,1.0,2048.0,High-quality archive,84.48699327953064
1778,719,1.278382,769.3270861541936,214.19741840438797,83.54578683015554,30.380911410025845,700.0345515901017,0.9548536601295841,1.0,1024.0,Website,65.2446029353883
3416,930,3.17688,1411.6120272219046,185.1072621112633,33.719355418544986,82.05537792209259,4167.163823818113,0.8212636101311445,0.256,250.0,Website,35.832661169417484
2455,2723,6.684965,3776.6799069701383,183.96304018181252,48.63678210006212,68.48612218366875,6565.85049144714,0.9422618239267233,0.256,2048.0,Mobile sharing,58.20096565222218
1815,2079,3.773385,2348.2534299581716,39.19065278890934,49.71409654482112,58.763907264680185,817.3874350635277,0.9467605755227866,10.0,5120.0,Email,75.74350593069832
4851,950,4.60845,3157.873163092898,72.5925717492909,21.31517405625636,81.07978798446382,6253.727833175809,0.9082289483660085,5.0,250.0,Email,59.04540838417749
4628,2393,11.074804,6765.606308864646,159.11667868555998,55.294150963014204,34.95716282767273,3546.780554899123,0.903596583853951,10.0,500.0,Cloud storage,58.273881961594036
1454,3286,4.777844,1755.4401826852907,39.85635566073158,37.64154574190793,22.00283285551925,5565.39498223218,0.8648496868856212,1.0,5120.0,Email,52.6600219150726
4129,3391,14.001439,8419.964821929998,139.6238282554765,76.89198196635843,71.73043321049036,6596.64624569035,0.8301479358885341,1.0,2048.0,Mobile sharing,39.35034058101623
1966,1145,2.25107,1488.1155017934486,111.79835725821448,86.00884219638434,52.619323782523885,3710.898228459648,0.96629241988597,0.256,250.0,Mobile sharing,54.6550977908988
2960,3709,10.97864,6293.511800970542,65.76790714189403,62.899074850251615,58.848720878586384,1991.590870992053,0.911090209345826,5.0,500.0,Mobile sharing,53.0884081927438
2768,3496,9.676928,2846.8011719168117,135.47475328056453,55.050628572312455,81.72190715190607,2788.5000222777853,0.9685930551819899,5.0,500.0,Mobile sharing,63.444996553470794
1148,496,0.569408,274.440074108278,104.47980864353089,92.41088585436805,37.06355285417916,996.5040809148624,0.9534399937485446,0.256,5120.0,Mobile sharing,56.82598120669404
4777,3095,14.784815,4152.8722970968865,156.99016508032844,18.04158969643149,19.144991798982833,6529.342160493952,0.8569076065582812,5.0,5120.0,Mobile sharing,47.43181323671756
912,3074,2.803488,775.2483330701339,69.70045866989686,15.597105632941437,28.75905147603961,6820.5431576114,0.874704528929497,5.0,1024.0,Mobile sharing,41.413802345531224
4570,2383,10.89031,6031.567256579771,160.7108149561979,63.68504183992118,56.271210391363105,5604.192316443845,0.9466839873128307,5.0,5120.0,Email,77.48719943006928
1069,3544,3.788536,1140.2768481343217,201.16969229022365,39.37692826421603,22.994233788872776,6076.3228675895525,0.8595231740986282,5.0,1024.0,Cloud storage,54.541859312163126
3500,3633,12.7155,4952.488517214348,166.91869732628095,78.52311237150631,54.48809362126845,6608.676763358158,0.884033060427978,10.0,1024.0,High-quality archive,71.16433333934526
4773,2846,13.583958,3779.159938040907,153.12862153708065,27.54519218595494,50.8935796812427,2563.106255037332,0.9055016768093238,1.0,250.0,Mobile sharing,52.9953983896492
3089,1702,5.257478,1103.493674296547,118.2040128309652,53.89418347910673,55.26702226068749,3695.708960448344,0.9594419715324424,0.256,500.0,Email,74.1681383960919
2499,1545,3.860955,1954.7552572643715,158.39317682615214,49.15312013884488,36.66075913492105,3777.5535228920326,0.8280951060638565,0.256,500.0,Cloud storage,47.01495852090339
2524,2783,7.024292,2590.506026800516,77.24898955868608,74.61674895201867,24.343805395907694,1178.4722217317528,0.9366821246663571,0.256,2048.0,Website,57.04097897970074
3356,2633,8.836348,4341.233394228246,143.51205935571022,69.87992482974508,17.59919048578748,5099.785948209311,0.969775434772888,0.256,2048.0,Mobile sharing,61.76380577504575
3357,2846,9.554022,3110.3745328657983,44.36467181328707,39.18709562819988,77.25797835991082,2907.4182752230276,0.9013854949636466,10.0,500.0,High-quality archive,72.19926117980262
2778,3728,10.356384,1982.7700204013686,125.96219878959032,35.825348452647916,35.17540319800382,3782.687621884266,0.8223142583363156,0.256,500.0,Cloud storage,51.63225655019879
1404,606,0.850824,265.5032777457628,96.07008024328317,45.350873674621006,59.15203531227232,1771.819400846604,0.9231781706963919,1.0,500.0,Email,69.38206901844381
1882,3513,6.611466,1310.4846826028668,100.32577803615392,31.637765584518025,18.316746835683443,3462.309876451043,0.9102123373015806,10.0,1024.0,High-quality archive,72.20207901982772
2145,1403,3.009435,2093.101312961042,210.4987010581476,21.071907279148576,56.8371534636823,3225.2993720196678,0.9155137128864885,5.0,500.0,Email,59.00362521845391
4490,535,2.40215,1661.6431871121376,69.63421630821719,25.186675160531777,62.77570449204718,5453.174362121371,0.9275637676279456,10.0,2048.0,Website,67.65895671594342
1263,888,1.121544,534.6248632778119,182.60656968631116,84.24132850595743,23.191289900064028,935.643788522843,0.8610477352057064,10.0,250.0,Email,56.75301657448991
546,3220,1.75812,555.8839383874827,37.17152999399434,17.826195576635815,67.99510818594416,3453.4559005058077,0.8439555278874336,1.0,500.0,Email,55.270528873300904
1464,806,1.179984,339.2400402581044,139.4066240178555,31.800528624978153,31.1810286653509,3371.6196434973945,0.8405804478594063,1.0,1024.0,Mobile sharing,37.35541673455663
578,1030,0.59534,321.3152287787535,59.93850675856143,77.95840930915404,61.685293363734615,77.40726165499777,0.8242796596770952,1.0,250.0,Website,48.154802494053946
818,2312,1.891216,288.57599521661336,187.50270921912556,54.43696551566484,62.692258067143165,5267.382729004096,0.9680580602005546,5.0,5120.0,Cloud storage,78.6611559249406
4955,794,3.93427,1326.0290293920978,77.43724043271132,57.48045336494001,34.02778330269692,3389.1234292931968,0.9421100121721602,0.256,500.0,Mobile sharing,56.44647657671026
3864,1606,6.205584,3583.27605003761,156.51196015746228,15.680378440848859,57.1242099706279,1232.6259560627473,0.9107741866952732,5.0,2048.0,Cloud storage,71.31469885400776
2246,3206,7.200676,4132.352147217774,138.62206254866243,72.81554562076238,36.940993460205796,5533.731544863745,0.9526483026596508,1.0,250.0,High-quality archive,81.18442599548658
1333,1371,1.827543,410.5878352836025,109.58165131050994,30.442656915968982,51.83422349598198,756.2273281384307,0.926483303351417,1.0,5120.0,High-quality archive,77.62204232737625
2233,791,1.766303,1220.8184447641415,142.36287881830046,21.32537371708862,11.438043886338146,6781.0800181044415,0.9286775860397554,1.0,2048.0,Cloud storage,62.65557914537726
706,1046,0.738476,284.73155619401933,186.63528314767947,84.30903703536586,22.461512209202507,4191.934446295053,0.9733242996994802,0.256,250.0,Email,72.71086529953381
1560,891,1.38996,668.780292912771,160.26021833430474,41.27424827638022,70.1443769649362,6203.327742819781,0.9568111888406392,0.256,500.0,Website,65.34092585337855
3057,2414,7.379598,3452.162254953822,125.71076619910775,63.02089183750973,14.1236409589315,2891.488270166314,0.8648168849554281,0.256,2048.0,Mobile sharing,41.68584822150337
987,1817,1.793379,795.196413881125,39.492192517324646,78.08195870416924,77.57640846621823,6168.983466689331,0.9516827012597314,1.0,5120.0,Cloud storage,84.19208364059348
426,3865,1.64649,1104.533348011627,94.51535879565347,84.07470048446966,67.98275857581973,5441.801502937545,0.8814704015872492,10.0,250.0,Cloud storage,59.98908664693326
2240,3110,6.9664,4398.9343146137835,201.41061092526357,72.70716995090079,81.46520778136487,1291.4689016763837,0.9720543755488138,0.256,250.0,Cloud storage,74.79881755005759
2923,724,2.116252,960.2716838660536,109.12084536658669,21.52875452019095,56.145578011983446,5131.826097378751,0.931109875089403,0.256,250.0,High-quality archive,76.20665795245127
1223,1679,2.053417,968.134220116338,182.9702535440546,62.75149611790509,69.3668191474961,4160.767520439066,0.9475713995757579,0.256,5120.0,Mobile sharing,61.76585313286245
1283,939,1.204737,249.59281278350747,148.52074336475363,58.76824526842736,18.107301040446522,6180.62949054033,0.8605145028965282,10.0,500.0,Mobile sharing,39.409771640304335
1351,3246,4.385346,2702.861916764464,148.2325158888124,20.404274538613592,41.78428498410951,677.8051970452434,0.8849942582413504,1.0,1024.0,Website,55.83888292702081
3914,2378,9.307492,5850.784648992187,38.09228470643974,76.91990576757192,4.857983958379022,2164.8143079107435,0.9304662674683395,10.0,2048.0,High-quality archive,74.89392652441326
1191,926,1.102866,732.6181052764915,155.5210278514587,16.974032914634183,43.97555249509525,1113.0833922372526,0.8276447280759873,1.0,1024.0,Cloud storage,52.27915437892361
2850,529,1.50765,869.3801676915642,169.21369716418667,75.15895105346891,23.06772656268744,2785.4884156793323,0.8582225520375146,0.256,1024.0,Email,50.67395036861854
1792,3536,6.336512,1505.3380666210446,206.27937596051044,77.71148918524847,31.247171686297865,6636.122599392676,0.8582276340467718,10.0,1024.0,Mobile sharing,48.93761572765041
4396,1994,8.765624,2311.814416050095,105.02173884808279,55.05768578997453,53.89283946014766,2868.9651720915867,0.862230978048228,1.0,2048.0,Cloud storage,62.708102654886
2862,1108,3.171096,1763.1269344203165,112.95300779869498,74.77822776262782,3.5736672283685875,2444.200097364656,0.8904481837034861,5.0,1024.0,High-quality archive,71.72199538103366
3727,3866,14.408582,4993.9909538373995,101.61397141029619,63.84121812643169,26.06279636370947,1032.3848200155653,0.9495247930894435,10.0,1024.0,Email,63.53490132052068
4809,3503,16.845927,6388.634163329794,212.38570296840044,26.066027109740713,12.609212872437066,529.2218505086023,0.942402879829116,10.0,2048.0,Mobile sharing,56.66311872995903
4742,591,2.802522,1519.7357998753332,120.23947360772057,27.631553754928397,27.20033285973737,3532.9705375340786,0.9751598762786547,1.0,2048.0,Email,66.92639073233664
2583,1175,3.035025,1519.9729413749499,35.46346327700081,64.47789586405943,22.98905593106076,2657.8738090360553,0.9330158225175751,1.0,1024.0,Cloud storage,71.89097663277062
1100,1002,1.1022,460.85720606714995,95.67954446636861,88.034224672646,46.81642450370215,6068.449759484367,0.9523899462060736,1.0,5120.0,High-quality archive,88.44722501772414
660,3140,2.0724,306.79934567269765,209.5838266113926,72.34949955197439,54.25902528641459,3750.825025412239,0.9111286457946947,1.0,2048.0,Mobile sharing,53.561059852358525
2692,2548,6.859216,3818.464054144753,88.38582984764963,93.14093902531778,5.6155710918363715,2736.7073371773427,0.8488836740297904,10.0,5120.0,Mobile sharing,35.93744892597052
1050,545,0.57225,378.849308191794,193.862711594676,52.12717101524113,82.78395827229144,4513.834908905497,0.9597853971171026,0.256,500.0,Email,73.97850511312542
2673,506,1.352538,182.67609533892323,169.03611197849824,24.46348979724806,47.92027544308704,4887.252001359639,0.8917986238633091,0.256,5120.0,Cloud storage,59.34204602490073
3547,626,2.220422,1521.6627947066017,195.46288493534252,67.05080576654835,35.137891594182754,4992.217114586515,0.9505909230512566,5.0,500.0,Website,70.72908653611438
3198,3671,11.739858,4775.020782000189,172.3376839973251,56.92071156950255,65.39630528015616,5797.52631695197,0.8326611247521039,0.256,500.0,High-quality archive,58.39426113760949
1947,2061,4.012767,2551.6461556777326,122.86244340003306,38.10823362492587,76.8529050111246,3946.661843984809,0.8776774872048065,1.0,250.0,Website,46.47694849591533
1390,901,1.25239,423.2535733959834,150.39326159142536,39.60720915375439,8.373265968713616,1890.42072435547,0.9787631885875726,1.0,2048.0,Mobile sharing,55.32248881704666
2207,1791,3.952737,2585.8601547989947,184.4721827837325,81.89746473497893,79.1150072803911,4473.977348529489,0.9791876369045598,0.256,250.0,Email,73.0645986520126
4637,3485,16.159945,10544.674750829361,125.85219695081132,78.020473889648,18.996592727936743,4241.75506498859,0.915387784105916,1.0,2048.0,Website,52.95098009526982
3507,2734,9.588138,3004.559135952593,161.1518765704141,69.14993869382485,63.78798875397611,929.4294295803066,0.9509627824407139,1.0,2048.0,Website,72.16796866202687
4684,1608,7.531872,2982.8127410546927,103.51732317349482,24.393351056673048,20.002395329410575,220.70169462542114,0.8626080188359271,0.256,1024.0,Mobile sharing,37.84045663876001
4171,3061,12.767431,6478.614257716155,137.88700646175099,25.5211141404501,21.255115833583545,1596.530408884723,0.9159924020179747,10.0,1024.0,Email,55.57662753797021
1318,2403,3.167154,2163.0584921004906,94.69675665061659,56.61563469068138,42.39034128281748,5030.669070633621,0.9366513154260865,5.0,500.0,Email,62.9456156078307
1326,1526,2.023476,703.1016517179927,222.0084722850865,44.182939343375935,43.80867984204139,3347.9528838777005,0.8893862083950788,1.0,5120.0,High-quality archive,72.50014986405056
1050,2443,2.56515,1237.948826607361,196.73204853318046,63.73601279408867,81.72166851859801,6111.5656002134565,0.9575850312465335,1.0,1024.0,High-quality archive,88.33566507347801
4808,1677,8.063016,2343.340068824025,158.41778302562133,22.49142436376175,63.203417793262716,2967.7478087376326,0.9139691485882299,0.256,250.0,Cloud storage,57.27031071086092
904,2185,1.97524,960.7430562424399,94.97691475147306,26.665613873713152,38.705173243683646,6610.654892940225,0.9281342419256402,0.256,1024.0,Cloud storage,68.50221978318541
629,2065,1.298885,503.14222996230666,104.87308911300707,24.02722746538844,31.33772010596561,2483.36846013764,0.9035369022447602,0.256,5120.0,Website,54.846674510130796
626,3691,2.310566,908.2554567611222,55.433227166238495,33.41223162207521,36.41644943672322,2311.312972142784,0.9285832963514482,10.0,5120.0,High-quality archive,79.08569592601768
3060,1167,3.57102,1710.3389244986781,58.67536143443239,28.002655057352452,27.855540978529397,1239.7330844044673,0.9283357950439707,1.0,250.0,Website,52.84338159159864
2248,3649,8.202952,5730.578940792959,127.64219078733768,54.62960584174066,66.41869850346993,301.5175644629967,0.8359724610903936,1.0,2048.0,Email,53.945387960421186
2244,1219,2.735436,1891.4887515004957,176.7492388774143,63.64880574452707,64.84610830003396,4630.687127148343,0.8942505647843053,0.256,500.0,Cloud storage,66.24884919521402
3325,1330,4.42225,1801.649049640653,62.765727125006336,60.23160791760326,23.11326264659259,2090.5763223939093,0.8460042004834529,1.0,1024.0,Cloud storage,57.06365205030207
4826,1505,7.26313,1065.0803808572641,195.21832899132426,65.06671322451075,37.14522269698637,1756.4529554024061,0.9392219869880616,0.256,5120.0,Website,62.732732712615245
3628,885,3.21078,617.243577069565,36.208774743438326,74.51643526173775,83.47442164393698,6950.083381637299,0.8459494045273669,10.0,250.0,Mobile sharing,44.81563967664466
4897,669,3.276093,1709.4065646069819,44.31934554414576,81.06157839260474,84.778376671995,5436.734957724926,0.9450682385931732,1.0,500.0,Website,70.37624938604455
3348,3253,10.891044,5122.930469678524,207.77435093319602,24.277032013346602,28.02009117371688,2556.560268377536,0.9460392260965048,5.0,2048.0,Website,66.17860778407356
4820,3634,17.51588,2566.2118203156756,83.0676968406887,44.920280649571225,51.69210893508676,3322.3761805142594,0.8783160095643195,1.0,2048.0,Email,61.37117397609381
1457,1270,1.85039,602.1895359880643,168.93549344053378,77.23524790068242,70.68254348224107,1504.8519713343492,0.9640017757640454,5.0,500.0,Website,76.16681618686528
2202,1853,4.080306,793.3747322557157,169.06437799771084,83.01473016327135,15.365068363989428,5015.4499902503,0.8951581155216707,5.0,5120.0,High-quality archive,70.8249508085284
1792,3540,6.34368,1057.488464447622,178.8025025948451,88.72220599886634,53.95057213501634,4226.088620325507,0.9569652835529501,0.256,250.0,Mobile sharing,56.95467455187043
613,3938,2.413994,1620.6462933645662,223.4611026904253,53.1121828490309,17.549222803242888,3441.214183462133,0.8363700680132878,5.0,5120.0,High-quality archive,58.6772593382955
4817,1856,8.940352,1567.5342707418288,111.99572859515979,84.29532867120871,60.67928646313144,623.0658467012178,0.8827693585132007,0.256,2048.0,Website,57.035244275520235
866,870,0.75342,138.66628101617843,184.73091785228755,44.47247428575543,23.07939285336411,4011.395346480853,0.8221395412992866,10.0,1024.0,Cloud storage,45.35194919949304
2987,3741,11.174367,3634.531941293717,157.0629517513584,33.14587506950669,48.93747182074615,1815.4926967646638,0.847475538766917,5.0,500.0,High-quality archive,60.4777491260397
4729,3310,15.65299,8964.433667216546,53.14578483911696,74.22887269643391,26.16164862824174,992.7102922972431,0.9285105948645782,10.0,1024.0,Website,59.47605822576186
2545,2273,5.784785,948.0415132452871,44.762247327608634,63.09340031584775,54.156900673144165,377.86316778004647,0.9180562047296683,1.0,500.0,High-quality archive,76.40300520641212
3420,1912,6.53904,2893.570549901827,144.92647136567527,39.96362266402552,7.413683000212151,79.37018712547729,0.953780066578964,1.0,500.0,Email,59.30507345390062
468,2477,1.159236,414.76403812857217,193.3637286531204,70.87212765547032,4.864800002012181,5448.023809828959,0.8755230862532555,5.0,2048.0,Email,54.50328227232744
3743,1009,3.776687,2607.1684820940095,158.25461247523313,63.46237699631149,8.73018980550531,1991.2655233959254,0.8915158403722306,0.256,2048.0,Website,49.634573242530266
540,3146,1.69884,475.1037036099131,168.40982910367202,80.327763751293,65.73409799780217,5407.383762886832,0.8334685667968783,10.0,250.0,Website,54.428332539869906
3607,2345,8.458415,2147.3403352290757,224.76322309710045,28.974183425718316,30.515731184738463,1245.8322094993161,0.8943220590000109,1.0,1024.0,Email,62.81536579633586
2557,3740,9.56318,3850.5656540696223,132.7790019805924,85.93456847347744,70.05615550921625,1716.0681170168373,0.9207199347523282,0.256,1024.0,High-quality archive,81.18078849088798
4286,850,3.6431,2013.0765165783498,162.2124636961413,60.20260299268423,73.79356626972067,5500.484352926278,0.9268723346276448,0.256,2048.0,Website,62.25657803969645
2372,2290,5.43188,2142.525420771571,169.82408730475674,63.839558517618485,43.17840610864454,930.2964096817392,0.9233597712924744,5.0,2048.0,Website,67.60463947116568
1974,587,1.158738,785.9623633880368,198.4382589450573,59.88392235297734,35.93555801779817,5170.935582690142,0.9044365081801595,1.0,5120.0,Website,57.074273306194
2603,523,1.361369,618.2089353686142,73.62305231089229,63.344333084015396,67.07668834086854,1009.8628402348662,0.9301867333518968,1.0,500.0,Website,64.08056107262834
4235,2972,12.58642,5838.91041589823,121.35824305774992,76.75403416035887,48.557237264641735,1991.988772544494,0.9407028671553901,1.0,1024.0,Website,60.79148236630422
1217,2427,2.953659,1980.5536953972517,169.04808957816985,38.904268916638316,61.291600374014365,2014.1138614651436,0.9042553222060085,5.0,500.0,Mobile sharing,50.26225232855768
1537,1133,1.741421,475.13133571336755,187.19513828988732,68.3896464009712,46.67558886711269,1005.728342782886,0.8527313204330204,0.256,250.0,High-quality archive,59.37863689239452
2156,3904,8.417024,5302.9471592560785,39.79785775661968,36.898129956987724,15.895111632835816,6830.961001190417,0.852210109606207,0.256,5120.0,Website,44.88753965513328
3256,2536,8.257216,4228.586146618007,53.43137014599094,16.54952528247137,9.75801283792044,2585.8341705316197,0.9760026124599708,5.0,1024.0,Website,58.57806130596068
3332,1557,5.187924,2801.5996691163646,218.57442764324793,43.62087122256426,84.92287364827204,4486.949159670079,0.8603467582157039,5.0,5120.0,Cloud storage,63.48093536462023
3358,880,2.95504,1907.96524333536,110.36779379576467,90.74958012305868,75.5546293255008,4153.1677600655175,0.8331388654063264,0.256,250.0,High-quality archive,54.32637039541105
3210,788,2.52948,1737.4058504284872,75.31178685106894,70.26836658725304,55.19531712998711,4436.456810728377,0.9126954551015375,0.256,5120.0,Website,57.78081820125176
3277,2890,9.47053,5134.396133555947,48.916200764137095,62.29600094556975,38.77326525690769,1789.491822274862,0.9491822382441821,1.0,250.0,Mobile sharing,56.28201991916775
4194,3584,15.031296,5043.524428525121,92.97905686313273,25.99893467351217,78.13888090658438,4411.34641882174,0.9017599063298576,0.256,5120.0,High-quality archive,74.38311455014934
794,773,0.613762,108.77228011050974,190.01351269218685,35.98537417330221,47.40171786166932,4491.320192582214,0.9739687253720266,1.0,1024.0,Email,75.44892125770396
4235,1677,7.102095,4394.34461371188,79.80698312076919,71.59838099483342,10.266183487909714,6903.0499789514315,0.8907541821627805,10.0,1024.0,High-quality archive,58.64285211222151
2810,539,1.51459,779.1788838970109,167.72676985485805,57.00611938602205,15.114736783787851,6438.34231004662,0.8384072131752984,0.256,2048.0,Website,37.92633042592965
3382,925,3.12835,443.30858977448975,104.03917593278432,66.16660515376303,45.76662601809551,4738.047101176976,0.8424277990390782,5.0,1024.0,Cloud storage,57.985128955391865
663,3355,2.224365,995.0054631765322,81.69486860157343,79.86121735858032,9.20625327069308,4444.566935783448,0.8392658457406995,0.256,2048.0,Cloud storage,47.96439172132413
1607,2985,4.796895,766.3018436073396,140.46576781126993,26.59023191040637,58.955293792058846,883.6916376161928,0.9340996477093779,0.256,500.0,Cloud storage,71.46579081409489
692,2253,1.559076,922.2282766651184,197.28389397834744,41.0879911670971,46.29993835751716,5424.764100612756,0.8419176824017728,10.0,2048.0,High-quality archive,64.91668913677701
880,3687,3.24456,1600.4337416888548,128.72800941105362,53.77834037337314,17.87168792328265,2454.1257385598433,0.9065509793367021,5.0,250.0,Cloud storage,58.210229714007504
2834,1235,3.49999,1237.1040980241578,69.72313430332149,90.50278012770634,44.55749724297962,3719.85470021094,0.9770195056343689,0.256,500.0,Cloud storage,80.2340643300996
1494,2901,4.334094,2127.452930484101,79.5394773690713,19.14045379102321,38.89827473938138,120.68818587028939,0.9152522809110997,0.256,5120.0,Cloud storage,61.98187593083364
3732,3065,11.43858,7679.218861975011,176.20345533797737,77.77721756600263,60.45843158200649,1611.9252111605208,0.8777423907449338,1.0,5120.0,Cloud storage,70.39690550355698
4916,3240,15.92784,10865.270551756834,78.97301489740649,40.73493338612428,55.873735532428974,219.28444279885088,0.9493901407223198,5.0,2048.0,High-quality archive,81.4677934099738
3208,3382,10.849456,2313.5165813469425,205.00695916291818,23.073202483236432,73.80627296851965,3509.775522766816,0.8885835205580482,0.256,1024.0,Cloud storage,62.90555164327844
657,2047,1.344879,826.213361683004,187.1814960215718,28.043882759306342,58.22052020658307,6005.018991509706,0.888101190927549,10.0,1024.0,Email,58.834312031086256
621,2346,1.456866,489.15249607946726,179.30783945097446,36.1177772393618,71.44932969971794,578.5583476942437,0.9385137921145937,1.0,5120.0,Website,68.7067487103351
4109,3534,14.521206,4196.0727775458545,218.66318889965518,89.23172750514823,46.8185455760653,2844.439698036073,0.91450145245202,0.256,500.0,Email,60.928316110183346
3622,822,2.977284,1359.9860934371238,40.27897822236074,91.62927171093992,26.77226798193017,1029.1914892937166,0.8208781433815344,1.0,5120.0,Email,45.712071352124234
2683,743,1.993469,432.13931116220806,120.10142393897591,29.856333845305247,63.33733322061406,453.3762326547703,0.8812466504182246,5.0,5120.0,High-quality archive,71.20485866863514
2538,646,1.639548,419.00361914456914,47.313462792981056,24.222846023925698,83.18737543835103,1994.518341156901,0.8691240862943302,1.0,250.0,Mobile sharing,49.429435992858025
3104,3726,11.565504,6709.817427404506,151.39700759249263,80.05863324884609,36.14687910049439,6023.506617810778,0.820275943081011,10.0,2048.0,Email,52.654518118663276
2643,2696,7.125528,4363.1869897704255,36.51044001721324,73.41308016442882,84.03175392176927,3400.0373786083383,0.8793984847906295,1.0,2048.0,Mobile sharing,52.76465394175959
692,1264,0.874688,238.70219304816553,150.3638226765009,90.19038566834442,27.472078012218603,2668.444909441641,0.8481955464330425,10.0,250.0,Cloud storage,60.4789192372481
754,2715,2.04711,476.66330308275127,153.21974433118893,67.76099205530664,44.85487047110482,2717.048921294214,0.9121916135074957,10.0,2048.0,Mobile sharing,54.61420555460472
575,3253,1.870475,951.9528807696461,204.90419081340846,82.0420202876335,13.926172673871095,6698.922117198209,0.8713483487212735,10.0,5120.0,High-quality archive,63.40725357222924
492,2677,1.317084,733.949007188588,134.6739552566383,21.119234820075743,23.06436846089162,6183.540105079381,0.8260303513144079,0.256,2048.0,Email,41.72131119277848
4702,2029,9.540358,4127.85623461738,82.51545788836819,67.15683543981302,59.86226188402585,641.1633837118869,0.9391003681930066,1.0,250.0,High-quality archive,77.58905927486481
3719,2045,7.605355,1455.342396537871,57.460140890460714,67.59914402370758,59.853377167400566,5710.961644481438,0.8489659004437211,10.0,1024.0,Cloud storage,61.75222802324501
3733,1205,4.498265,1910.1832094359072,156.30455463421325,32.155960918214426,33.796199640511595,1553.5547304431705,0.8578878211087987,10.0,5120.0,Cloud storage,58.85293517840626
955,3454,3.29857,789.0316460324611,150.55961714832094,16.411989960889812,26.51300183008607,454.25989469693036,0.8845854032478668,1.0,250.0,Mobile sharing,49.069492879317444
1214,2878,3.493892,1910.6781759799705,77.62524574278847,84.48001295693946,59.60362972113597,443.7190241337517,0.9428410389395969,1.0,2048.0,Mobile sharing,64.02496886253725
1830,2830,5.1789,837.035060118367,218.7176576965043,28.95848084877823,5.187103970993347,86.99472518092077,0.8839286999999033,0.256,5120.0,Cloud storage,57.352029261825734
4708,3683,17.339564,7529.808352200972,120.26178443628122,45.86887808854356,6.80628221488708,6371.172731320818,0.8928107889682416,1.0,2048.0,Email,62.68111968766293
2769,1093,3.026517,1618.1072997751164,170.04625076226625,82.96422258065463,3.712055074037341,1234.2490254841678,0.8953674963271608,0.256,5120.0,Website,53.314720299764225
2538,2541,6.449058,1618.17419742597,70.07109220668266,66.15551631890139,20.225670058871177,3893.957596250159,0.8823711437539343,10.0,500.0,High-quality archive,71.25528223278192
2140,3105,6.6447,3508.1964912873505,103.47433657511732,27.66391338319376,11.672954168346823,710.620978147427,0.9254613492988633,0.256,2048.0,Website,54.61943752951249
1169,2201,2.572969,559.0753035923724,130.11480270441658,19.795022128030393,78.9203936054204,453.2915003181175,0.8200913690245075,1.0,500.0,High-quality archive,61.62620825401482
4016,3730,14.97968,7554.006257770124,82.4497865883192,31.19356873844759,32.32959053691583,5807.400038068717,0.9579130477336728,5.0,250.0,High-quality archive,81.24713399351988
4733,1254,5.935182,1186.4810043856407,157.82538363049633,42.66968185884282,21.4814916716594,6068.684525838735,0.9438017837914148,5.0,2048.0,Website,62.6219882328578
580,959,0.55622,232.03696173232515,37.01121574527842,86.81297683472837,47.59901857985205,5784.816563266721,0.924881753718127,10.0,2048.0,Email,70.63515849703572
1913,3715,7.106795,1837.2911861924786,73.39901989925237,72.00332495560976,44.11437364784445,4214.170133827347,0.9075885115200004,5.0,5120.0,Mobile sharing,58.06190791946244
4023,3413,13.730499,2627.6814020161064,155.4607556226255,86.21060060214381,23.72091848793978,2321.5009907211947,0.8688706845588382,1.0,1024.0,High-quality archive,72.67353147174705
2022,788,1.593336,1016.6020895557941,73.8885595401481,57.72640087908237,51.774001466855445,333.2253133504148,0.9754703536687283,0.256,2048.0,Mobile sharing,61.50051528191259
3456,1167,4.033152,1693.3971155441723,49.28791869491037,69.4601678438233,43.94684808121442,1474.1926177209164,0.9604323635342111,0.256,500.0,Cloud storage,74.82968682138507
448,1381,0.618688,351.07437749493243,169.1625473723011,87.25165483762859,21.805816005910938,5515.233939022518,0.8693887375444268,5.0,250.0,Website,53.311418223424724
563,2746,1.545998,757.6836181862501,139.28490785136438,15.35596309174271,84.53617765506053,5709.589022810895,0.8978354033018691,1.0,2048.0,Website,58.31887082547611
1286,3080,3.96088,818.1881728209905,119.80668909446577,41.8429741658288,40.691729966510856,3180.784937379531,0.9762381713134446,0.256,2048.0,Email,70.62425120555932
471,677,0.318867,154.20871087068784,69.13411309483637,57.65552031233288,62.26730137300527,703.7212328290503,0.9775075852825493,5.0,500.0,Website,74.35159154829009
4673,798,3.729054,1992.8334618098859,194.68670594187233,23.422811386449787,13.32077865834543,2003.2795299912325,0.9777682070939567,0.256,500.0,Cloud storage,71.58624334392476
3152,3117,9.824784,5936.69131206058,189.70615688398638,42.16018959213005,30.458798264100928,2077.5788206978955,0.8754713218842112,5.0,500.0,High-quality archive,61.86953705622697
2178,1681,3.661218,1408.2721635242397,93.77599436186512,28.227757452603825,33.61965265063681,3392.309023854229,0.9337980418359473,5.0,1024.0,Mobile sharing,54.79348238930317
1332,2926,3.897432,855.7501558638472,110.19981105098186,93.34768953220834,17.847852414228118,2266.173906789634,0.9360182906111315,0.256,1024.0,Website,59.00721139078013
825,982,0.81015,537.2041832757177,54.60134862041541,65.80742297677645,67.97070320495475,1894.801485938221,0.8471832286448288,5.0,5120.0,Email,58.77643230133012
1709,628,1.073252,270.78814264273996,59.549418280381154,89.05531499851283,16.278316893268926,6160.995441424367,0.9240730604234704,5.0,1024.0,High-quality archive,76.19952422557044
4452,3013,13.413876,2588.8771017775703,224.89856097727093,90.35117811589829,76.52054095467713,4374.909480899727,0.9058045734210669,5.0,5120.0,Cloud storage,73.33761698938793
468,1697,0.794196,253.60226571395876,124.5436465557744,65.90484853300595,38.1210518425649,6736.8396329355,0.93287073757632,1.0,250.0,Cloud storage,70.8585439297182
1866,2885,5.38341,1966.0628144091377,194.4994803503306,28.841232758900965,4.133806952287933,2747.1723332903002,0.975476437340411,5.0,2048.0,Cloud storage,70.18608826237637
4464,3827,17.083728,2905.743295025694,143.73174604112785,88.94387304115762,35.50358209424068,6722.699376158654,0.8553096154766568,1.0,250.0,High-quality archive,63.77021643708882
2965,3666,10.86969,3341.6596083826084,187.03046068580096,28.535781270422476,64.13677247207704,3921.337242642646,0.9348939599100173,0.256,2048.0,Email,68.38950737510805
3683,3933,14.485239,2975.376999023142,216.87845920735995,67.46500306073241,69.35780165301749,4893.945176899179,0.9527157864307663,5.0,250.0,Website,64.30746423425549
3430,2801,9.60743,1815.1532987916792,63.49182037239758,65.71860754007572,74.23387594881325,4639.892443644104,0.9752692667344517,0.256,5120.0,Cloud storage,77.79947646706079
1041,2022,2.104902,1198.7181311313589,212.94956927191626,79.52957542464237,56.4422269502624,2027.6433420978917,0.872301030671924,0.256,5120.0,High-quality archive,65.03020721462906
1707,1694,2.891658,991.151717152282,91.5619341524181,41.090411410000314,73.57473223568043,123.02265329943559,0.9708543485644652,1.0,250.0,Mobile sharing,64.353368016242
2896,1993,5.771728,993.4886893367244,77.65243082522744,22.2366727949497,13.389353236665116,1186.4399816775751,0.8683247091334845,1.0,250.0,Website,49.524712319178015
3472,845,2.93384,1022.134767979567,202.11023634580832,23.52543761526098,42.6555486438379,5921.2460029127005,0.8536549752676416,5.0,500.0,Website,48.786476578227735
3783,3838,14.519154,1952.57754694527,191.82464779416262,40.72458892472548,14.297131685684178,3653.9310218327255,0.9673333273160144,10.0,250.0,Mobile sharing,56.06657972063959
2310,1901,4.39131,2262.8445322157686,125.45908716573953,86.80387507723238,6.6149335540732075,2413.9790440240176,0.8744203561578147,1.0,500.0,Email,48.635270549676534
2643,1901,5.024343,2785.2718130802346,62.82843954302356,59.85798845071602,33.7572181045747,3797.5150759542157,0.8372399600595599,10.0,5120.0,Website,47.08057197230841
2532,3375,8.5455,5459.6021018396805,62.87069533448236,55.29774184157327,29.068551018034917,6217.332292063902,0.8551912568227156,0.256,2048.0,High-quality archive,60.0423845203708
3558,2274,8.090892,2288.367651241383,160.57771940075799,84.84302290885283,52.98813260526923,1528.1519463384577,0.8278664840862746,1.0,250.0,Cloud storage,53.51208195882465
3585,2487,8.915895,2928.73042953851,81.19032570522066,32.544524623775295,80.78368561605411,875.7752024499171,0.8954363619230709,1.0,2048.0,Cloud storage,69.89835654722158
402,1819,0.731238,379.5185491495966,154.4844406608728,79.72510840837897,56.4137939060965,5397.242549651058,0.8873997774061644,5.0,1024.0,Mobile sharing,55.86150554874685
878,2446,2.147588,905.3736496914165,74.05609715036437,35.648660864510035,32.39677376687027,114.52647869334712,0.820442956122226,1.0,250.0,Email,43.48217854392842
2999,1401,4.201599,2207.126780761651,35.00250202567942,19.755357862744766,60.27392015179554,5630.156028299555,0.9348322513423031,5.0,2048.0,Email,72.55088952287375
3829,3062,11.724398,6365.119093070268,175.22161076078456,20.921576593214468,8.188267222559226,2559.7836054446007,0.9420190486274764,5.0,1024.0,Email,57.481163430356965
1939,3581,6.943559,1889.4951991986786,190.95986159474805,29.170683977603087,32.4768288755431,2837.475485513413,0.8679216715692228,1.0,250.0,Cloud storage,54.84947875653674
3908,1615,6.31142,1948.7531061336779,184.25554433066935,18.78942100291784,34.89379337172974,310.73241627711667,0.9464335099249754,10.0,250.0,Cloud storage,64.94358529506665
4917,3631,17.853627,9358.916711388307,93.2452766208976,86.05689503436992,36.681735337321996,2662.418416234413,0.9662509990773334,5.0,5120.0,Website,74.54869890193314
933,639,0.596187,160.19733113837162,92.16297209473868,48.948164876380964,41.796663767779954,2075.733375063829,0.855719063117609,10.0,2048.0,Email,50.29853195439499
3603,3435,12.376305,4107.33161463351,70.69933601736375,25.74769555229568,64.02232861022306,3310.467383205436,0.8274111281867788,10.0,5120.0,Cloud storage,58.07778054230695
1470,3439,5.05533,1919.8502513883457,216.53333795352472,30.96200167393018,18.181162080982922,6237.826406653994,0.8998431176798467,10.0,1024.0,Mobile sharing,50.68391755361617
978,615,0.60147,368.2291891561601,101.05440207151524,19.89869454534943,57.589587888968005,5189.50443799614,0.8878423481381907,1.0,1024.0,Cloud storage,59.10258546956737
4151,1281,5.317431,2427.9245602504875,151.08247857690208,58.92857568195705,74.26862375139125,4254.802346858709,0.8396824042657877,5.0,500.0,Mobile sharing,39.59197794354551
3634,607,2.205838,901.0026840916614,143.76460170806914,94.9243249099104,61.41079714533349,5947.702725581662,0.8754220862449208,0.256,1024.0,Mobile sharing,45.416507010237126
1218,1902,2.316636,1367.1755745149223,134.93793237145425,32.91694812240513,50.59432825129239,1565.5310971737345,0.8577433624757349,0.256,500.0,Email,48.33448050157673
1288,1075,1.3846,486.1001784516942,195.5856492232883,59.44904161052651,3.624405746250489,1361.7201546773451,0.9690044872332858,5.0,2048.0,High-quality archive,79.27091775473171
575,1516,0.8717,469.35863233496815,181.68478038047937,93.05596821890043,4.490471619854778,6668.048645106561,0.9540787849191787,1.0,1024.0,Mobile sharing,58.95544492671179
2905,2798,8.12819,4895.034795900112,85.16257845918835,54.379310894288515,48.93430889893298,5210.521599321044,0.8954616539266459,5.0,2048.0,Website,65.39805415484327
1849,2773,5.127277,2636.762603949389,169.79389650055631,80.86398350882608,47.33924999871322,1393.2832388957581,0.8323388933587459,5.0,2048.0,Cloud storage,56.66049627115631
1407,1709,2.404563,995.2129794029506,222.60541451187072,33.813798867913434,4.603325461946634,824.0396361490166,0.8591202975457327,1.0,2048.0,Email,49.848736558370824
3803,2435,9.260305,2550.0698914250493,134.1309599600965,16.19660447471474,58.907677304827295,4319.368010093716,0.9507218613812473,0.256,1024.0,High-quality archive,80.21301568328511
3911,787,3.077957,1455.4150120882223,62.20425305310535,30.460744089149266,59.02290317070662,6538.183941576559,0.9122054913118005,1.0,1024.0,Cloud storage,70.19778680313962
3124,1986,6.204264,998.1299858020379,110.33573087769247,87.02017680943118,69.00563763210698,6495.593801610605,0.9009532411262127,0.256,5120.0,High-quality archive,79.24325109364446
3089,866,2.675074,1540.1973201962116,162.65186423991923,66.7750029452128,24.892971554607225,3572.0474985180877,0.8236911925582924,0.256,250.0,Website,31.553874456344605
1858,1514,2.813012,1914.0627100865809,124.58209742073203,21.68513250854805,4.463072474935618,5090.542223241316,0.8500499790408094,0.256,250.0,High-quality archive,46.563287054768686
2349,3903,9.168147,3730.0122827248356,56.17561428067371,77.77926783275588,37.92042606196834,4295.298521145639,0.820630773205229,10.0,2048.0,Cloud storage,54.9528318713547
1256,2179,2.736824,820.2281894845805,224.28954148202612,33.46738517692988,77.85448732211904,6429.8680912179225,0.8686404984837369,1.0,1024.0,High-quality archive,69.97084309163813
2152,1491,3.208632,1413.4817633021794,41.82439745449119,82.82744243176205,9.872047376190318,376.45795088895034,0.8639772937788787,5.0,1024.0,Cloud storage,57.14566839705181
1889,3244,6.127916,1486.9407928460503,105.69511040118255,77.41922116951062,46.221580692465984,1262.7189970673508,0.9201497287215531,1.0,5120.0,High-quality archive,81.8846107936779
4876,894,4.359144,2318.4313014488243,82.6643134168738,83.97271313710519,34.47897247454336,1437.3245123923866,0.8948715498416375,5.0,500.0,Mobile sharing,41.90004695696508
2093,2463,5.155059,2924.91539080977,193.64133109037635,46.81358963763128,8.477908614949023,3413.626239335596,0.8515166317204863,1.0,5120.0,Email,52.443625527207715
4522,1343,6.073046,3544.0804704483667,157.68614600889236,35.91490065327264,55.08280169919066,944.0701822001477,0.8311050413275995,1.0,5120.0,Mobile sharing,42.74363389226673
4896,1311,6.418656,2480.9347762213024,215.51675463658967,50.09800547094478,76.83645162419222,6088.2239259503085,0.9313614406523364,1.0,5120.0,Website,68.39192338768103
3438,1053,3.620214,578.4189828091338,67.4974558113771,64.32429501390074,66.55821532558298,5304.538010022392,0.9133890536184048,10.0,250.0,Website,64.47290578274347
2857,3215,9.185255,4070.3958542440264,183.71529951898648,28.02307691835111,36.40870000323377,6438.226545191913,0.829844304610007,0.256,500.0,Email,41.412738911789106
3405,2031,6.915555,4472.1995162938465,177.39177414190848,16.532579030260173,42.39173140933793,6277.90845893242,0.8893841740983164,5.0,5120.0,High-quality archive,71.06234243240617
907,794,0.720158,302.6716646997062,167.16725577257805,20.229517779169655,31.26126162980293,5033.713388225205,0.8757343837232836,0.256,250.0,Website,45.62926979198427
3573,653,2.333169,1575.842852996393,210.81286317180934,52.87496431262281,16.142501629128432,5421.874368993511,0.858902332062903,10.0,5120.0,Email,48.551385270149346
678,1818,1.232604,551.1447213936987,136.23366600700618,88.97862767199341,20.577770080448154,6500.7012452341505,0.9430725250452923,0.256,1024.0,Mobile sharing,53.545206696791624
4630,2399,11.10737,6538.469899593754,195.14432258142966,41.90059103907628,45.5246494262443,5675.810022670539,0.8507268763600191,5.0,2048.0,Mobile sharing,45.891099545631434
4260,1027,4.37502,2642.166095250443,96.68935811798607,89.7540892524013,49.65257732522376,3625.844370623932,0.8841073423770088,1.0,2048.0,Cloud storage,68.52517303292814
4162,1886,7.849532,2904.467903769935,84.67307269351974,21.949217482254557,66.68579117869166,2936.171192098044,0.9014757747354692,10.0,1024.0,Cloud storage,71.97709022464167
1571,2862,4.496202,2144.59144278299,219.69022174241806,26.112312611938535,50.02858368508277,489.51913564608213,0.9186098133201749,10.0,5120.0,Mobile sharing,54.01826913951237
2370,637,1.50969,392.27494243324213,124.775144610964,20.666543730987136,76.62461099042977,5130.160704404505,0.9416505257944044,1.0,5120.0,Email,70.31541732483161
4224,1954,8.253696,1631.1180918532486,105.93930819638102,89.72677715037779,80.82542028097313,5386.70251539038,0.8511119773542657,0.256,250.0,Email,49.65416726656567
4446,2239,9.954594,3440.3421183359155,92.38209151262353,69.19056205415843,81.6846642854589,5454.554480770075,0.8977860148962487,5.0,1024.0,Email,69.88971728812649
2839,2481,7.043559,2909.583238581391,164.7388152109704,33.972305370362115,8.226309981140133,5993.024511373141,0.8463803361960109,5.0,5120.0,Cloud storage,49.186251102606676
1771,1267,2.243857,1105.287877767617,48.71109600965718,92.51933873951455,76.2081969438151,3857.087973729382,0.8695022266321397,5.0,2048.0,Cloud storage,65.94742028879106
4430,3230,14.3089,9829.026690880659,156.00252574671907,40.69803452470922,43.830064271619754,5723.404317256784,0.8570253207910385,1.0,1024.0,Website,45.66219088976722
3734,1197,4.469598,947.1062255175555,98.78232799838727,36.44799252720809,60.22518814143443,5327.338032620214,0.892960431341849,0.256,1024.0,High-quality archive,71.13054396931157
1968,2926,5.758368,4005.6420010775696,182.80514975804377,32.84898585501025,54.09606464672732,2099.949834116558,0.8487716569049333,0.256,2048.0,High-quality archive,60.813588825264894
871,2835,2.469285,733.1660677652208,178.83759067957126,90.90900438742166,50.090395435557525,3423.592146969879,0.9400203480944422,5.0,250.0,Cloud storage,74.80612580181541
3498,2195,7.67811,4635.269224823246,189.70135544394688,82.8612287879985,60.22558008515155,3737.3628599346216,0.9597251864408431,10.0,2048.0,Website,71.58669141297375
2610,3041,7.93701,3341.22491831343,48.16464311595021,32.9593640697517,66.66468350885536,822.5220861408591,0.8951680106110821,0.256,2048.0,High-quality archive,73.6375618903556
932,3449,3.214468,1818.2265846012313,112.46190609612782,26.379940347383766,57.911243383743525,1309.955926294885,0.9769085091941351,5.0,2048.0,Mobile sharing,67.39428059847044
2931,2026,5.938206,3582.646542890933,117.64632884033927,54.80079208419981,17.429705141816378,4322.025219775639,0.8673212810119022,0.256,1024.0,Cloud storage,53.889124689455286
413,463,0.191219,86.32234695442423,67.95455328903105,37.35066718270829,5.84648896713383,1227.7661832920205,0.9797636417918899,10.0,250.0,Email,71.1621775588879
3711,1573,5.837403,3741.9850909263937,133.66796131742757,17.822719953416097,61.17045728756432,6892.987389403336,0.8612884729555138,1.0,1024.0,Cloud storage,64.64042452914636
4394,1805,7.93117,4292.333313971916,106.89683405364951,90.28673003669813,67.75199320861195,242.1468243594811,0.9436571875901854,10.0,5120.0,Email,81.88966592520592
2775,1547,4.292925,1597.5159408637264,65.2978452257267,40.03190662792261,24.746597075314128,4783.360256077579,0.8486197360065352,10.0,2048.0,High-quality archive,65.35958398359423
2941,3422,10.064102,4090.547048319071,211.66274756818277,87.03753023084703,18.193581486529872,4818.856148845591,0.9517286889968732,0.256,250.0,Website,56.73876658450479
3324,2444,8.123856,3045.302675931846,187.1373645776149,78.69292872315613,5.736850495504708,2150.8961475227557,0.8876561541551548,10.0,1024.0,Website,53.096105761719954
748,1607,1.202036,763.0407951227935,125.5440275485934,74.53145808347514,42.751837532699874,3281.628905983222,0.8614983219503387,5.0,5120.0,Cloud storage,63.1383740777469
1549,2240,3.46976,1910.1732848179174,61.05746242055132,17.417976894781333,17.38382534416162,6567.2302033272645,0.950606363239838,10.0,1024.0,High-quality archive,78.84592474398313
1063,927,0.985401,442.16494955746157,69.81220401575487,39.51428838434447,80.0910715549845,6084.53569001335,0.8599270088897502,0.256,250.0,Mobile sharing,45.4108977189041
3134,1862,5.835508,2702.774576219238,90.28376445278731,38.449838410009875,21.784500039145804,6552.950772862498,0.8822193825118524,1.0,1024.0,Email,55.41705499489121
576,2929,1.687104,316.8744452758284,48.611893187986155,74.5427008465509,62.586772581858696,1891.7592861776025,0.9731616802132516,1.0,5120.0,Cloud storage,84.90733222483594
879,2507,2.203653,640.8143073568064,158.31162424011936,70.24813783573475,46.1638228789878,4297.821244749251,0.8893473331232551,0.256,2048.0,Email,58.169862991056526
1038,1526,1.583988,823.871954273139,97.63257049632267,21.282822435435953,31.291101134275575,4994.8886639312095,0.9359410182738647,0.256,500.0,High-quality archive,72.9241886504621
3967,856,3.395752,2000.1602522779312,75.74407533790841,87.46567617370803,60.94494732965073,430.303490197065,0.947885938985866,1.0,1024.0,Website,72.31284282325919
1512,1913,2.892456,1376.1702220107345,172.66991514876264,86.67812925796486,25.381474661672474,4433.895096727445,0.9279675423659028,5.0,250.0,Mobile sharing,49.59630933012367
2667,2078,5.542026,1668.180796521945,74.53010085566619,58.66633550080991,24.94409032829851,280.97048121354624,0.8282521189411688,0.256,2048.0,Cloud storage,46.941522493214826
2907,2036,5.918652,1265.5548262866728,190.43581000057708,35.914871757897586,84.6413698515182,3964.6859524980673,0.899360763123895,0.256,250.0,Mobile sharing,44.0240388357272
1942,3794,7.367948,4557.013569324082,180.7940099101856,83.909104312119,76.38948717541652,1646.9558694544146,0.9033609291565793,10.0,5120.0,Mobile sharing,60.225261395825704
3932,617,2.426044,718.6708550982534,80.96485918021406,84.60500949512836,41.035400651550155,4800.632450251876,0.8678700563816326,10.0,500.0,Cloud storage,63.0405870495144
3901,3811,14.866711,3304.3212930186032,94.35948400577661,47.23897721035027,42.11530304004486,1755.0528566696125,0.8305944511376218,5.0,2048.0,Mobile sharing,43.722368454633234
4036,3314,13.375304,8822.594622194574,169.97009359533052,62.67684138198655,56.87551940494789,4582.943223992281,0.9742889393910348,10.0,5120.0,High-quality archive,87.8146500632595
2362,3230,7.62926,996.3184114626481,135.13302419726597,67.23010718541582,61.81084687848169,2613.086395304154,0.8673031072978548,5.0,250.0,High-quality archive,71.2403331578735
3267,3709,12.117303,7763.647468210688,103.39352615996155,35.62841119505621,67.68109345900372,5088.611126797108,0.8822448415262172,5.0,5120.0,Mobile sharing,54.33128952696235
969,2654,2.571726,886.7891363823804,209.5697154526919,67.77381651294897,79.1975870811872,3347.166599360525,0.8927388518502287,1.0,5120.0,Cloud storage,68.55711753492322
3391,3858,13.082478,7807.250209829331,122.85716751662434,31.823943541524706,34.44215226478192,6571.167566048631,0.9410747882917659,1.0,250.0,Cloud storage,70.57970813739774
4645,739,3.432655,1532.2782557223347,128.45721418366537,94.01124070143891,20.89069477558516,1353.3353187091002,0.9741091676393336,1.0,2048.0,High-quality archive,87.43244099113618
3606,875,3.15525,1333.2412385540006,214.40201916909544,63.23130586789374,36.179547040041854,3880.165860182642,0.9660557857816524,10.0,5120.0,Website,67.42082644698228
2240,1949,4.36576,1690.0669812573933,76.77770098879715,57.51778094924602,50.41569106710228,2397.965316108873,0.8635389281021837,1.0,250.0,Website,45.885625543800586
2091,2961,6.191451,1587.077308149184,57.41563401024649,94.9097351811431,24.313153154902675,6277.535792225518,0.9344112266890904,5.0,1024.0,Email,69.21682038496223
2980,1891,5.63518,3392.065477323068,101.44023841655081,76.1080557129171,47.52930118424308,6367.891526892449,0.9484518994086348,5.0,250.0,High-quality archive,77.71298605482092
1418,3886,5.510348,3047.382439689016,57.78357086094292,79.59007118696961,56.09410149513404,2404.8429067777624,0.9104906701525076,10.0,1024.0,Mobile sharing,57.28190249733368
4323,3215,13.898445,9531.006769485915,143.4910541085161,56.34041934611672,36.08778951676691,997.5922113899271,0.9297940608057859,5.0,1024.0,Website,59.702106819757304
3529,3874,13.671346,7759.244710218324,81.07400510348168,72.27837446431731,4.67458357913455,5793.483494518329,0.9698783439816299,1.0,500.0,Website,61.98040209796336
2137,2684,5.735708,2480.615628441226,199.00468305798324,87.88457312168069,45.51443444807671,3217.2117823583544,0.908461752763576,1.0,5120.0,High-quality archive,75.64950538318737
1764,1581,2.788884,1536.728959126518,89.2211506850923,63.876243306520436,68.99274623389819,6211.079956395988,0.8791609092105426,1.0,2048.0,Cloud storage,67.43303811264529
1565,617,0.965605,605.4607430475207,114.57380808002127,40.38345326489776,63.60884405608601,1548.3120778002742,0.8610058883980292,5.0,5120.0,Website,52.384111282165925
617,1892,1.167364,535.526110006498,78.74953596677506,37.48099873877757,21.191319909390486,2449.039725821459,0.8890539754514664,10.0,500.0,Website,51.820811151733935
2322,3122,7.249284,1427.0989679324782,200.65632997847962,41.17288541823804,81.43395051983897,2240.829361393429,0.8332598981210112,10.0,1024.0,High-quality archive,72.2513213370253
3524,3110,10.95964,5530.937979705516,165.42914000525158,30.47915908885093,61.10768172058152,2213.7506375133444,0.937082826091841,10.0,1024.0,High-quality archive,74.48557599024058
3115,2002,6.23623,2775.5428219585033,80.08996453302211,69.24895962603401,33.72084311645584,349.4242632943059,0.9505698874191932,1.0,250.0,Email,62.28324957219713
2827,964,2.725228,1026.2244583480679,198.2274151238769,22.55356392913173,57.706355641314914,4307.700260278292,0.8476375794118506,10.0,250.0,High-quality archive,60.82561477504278
4079,3236,13.199644,4437.945762438747,108.2590877772244,56.59677011401801,11.757585479724195,3004.2077956170574,0.9243169944095236,0.256,1024.0,Email,54.395961565231595
4780,1706,8.15468,3119.068503108356,162.08621478026396,87.06130580299983,48.130792032201114,4750.758490415681,0.9727147246956149,0.256,1024.0,High-quality archive,80.96102617642171
1849,417,0.771033,137.4458390828558,185.10889012695174,34.239206536493825,26.180394298315676,1313.4841224135948,0.9759816448478208,1.0,2048.0,Website,66.18671380198134
3591,3502,12.575682,8131.299858758405,126.01646985134667,28.643314988568036,29.804187417318637,2082.5380430228397,0.8241076298091747,5.0,2048.0,Website,44.455667164576546
1053,2250,2.36925,373.2193164395293,55.750881276126265,70.25393224344771,14.424671271185407,1066.8153098985456,0.8568480314814558,5.0,2048.0,Mobile sharing,44.32425868993337
462,527,0.243474,157.36749954223302,201.5005006152753,29.78552007171779,24.758092361423305,1360.4751215333044,0.8600014214702771,5.0,5120.0,Mobile sharing,39.159195795000706
4684,3428,16.056752,2169.1835088025673,202.89718721916668,73.22093172260433,67.60840651636252,549.1851717753377,0.9333696272349667,10.0,5120.0,Email,79.72893633471985
4513,2489,11.232857,4713.125449908099,115.82539009656324,71.1030144771715,78.50734698659834,4218.297588576448,0.8228118320494683,0.256,1024.0,Mobile sharing,38.97829903305754
3247,2280,7.40316,2640.082264660538,213.60891595537154,55.13415966854442,21.093974842664633,2507.912061793497,0.8853023305911689,5.0,250.0,Mobile sharing,38.824112691615724
1825,2531,4.619075,2305.8516646838566,151.0503980492357,16.333765463067174,17.30595366443821,1200.7254135237306,0.9376761237117242,0.256,500.0,Website,47.311577857132505
952,3589,3.416728,674.587848261668,65.88070923705507,55.6722765230416,55.929565808335965,5692.877777400576,0.8405699528743409,1.0,2048.0,Mobile sharing,44.09883054780778
3747,1524,5.710428,1001.8253835799419,64.62973298263763,22.32469180483654,75.75137834385959,2668.07659510363,0.9429901042886903,5.0,1024.0,Email,72.54394030888423
2108,3406,7.179848,2901.493027573949,53.33860357235845,34.86273125441825,27.05394786282843,5037.207437014279,0.9278566698062806,1.0,2048.0,Mobile sharing,53.90775038110346
1839,3978,7.315542,1177.9443032304866,191.89208037343926,74.22151467844284,51.52446682032923,3100.0572977576608,0.9383772485230153,10.0,2048.0,Mobile sharing,64.31416194756093
1031,3478,3.585818,1489.2307387767833,157.56554704776693,80.73510859001821,40.97503788363041,1696.1636390777592,0.898505538473057,5.0,500.0,Mobile sharing,54.399426789366004
3044,2065,6.28586,3613.6626911095345,80.6171215540805,30.99881473522716,41.88319784449072,401.0053380764121,0.8765927862700307,0.256,250.0,Cloud storage,49.8078665932157
2643,2980,7.87614,4967.452827856019,138.3082176579444,37.947161738914545,8.08243970418982,999.8308180008493,0.9097947789675505,5.0,2048.0,Email,59.05030599571694
2229,1067,2.378343,741.7488727304942,95.75689068729545,91.67256113423689,19.70918903127865,484.5164288798068,0.8415107153647486,1.0,1024.0,High-quality archive,62.779972857976645
982,3505,3.44191,627.4060256266292,149.81765159121537,55.135981281628005,9.322172854007041,6046.074094398303,0.8655540893139732,1.0,5120.0,Website,51.318749030331894
4602,1962,9.029124,2350.1288910854537,193.62201538074228,43.90286732979575,16.411156963046455,3883.6736249416413,0.956002860610233,1.0,5120.0,High-quality archive,81.851854723123
3754,3927,14.741958,7312.596830157242,130.03365893263242,94.0042631597158,81.65151556801413,5949.5282216734595,0.9440510742056845,1.0,1024.0,Cloud storage,75.57603006447103
4930,3551,17.50643,2383.7664876335484,78.2135936908473,47.29859560675759,51.0648867291939,3948.1112765044736,0.8367677119701651,0.256,5120.0,Email,57.412979027474385
1422,417,0.592974,311.13334970879623,82.06821279012337,43.11235492386899,30.46193862787976,3607.2171161057267,0.9575679555351377,5.0,250.0,Mobile sharing,57.33065770614907
850,2891,2.45735,381.40997615206834,192.6959406808225,91.94601123979412,52.826250611723246,6697.733178663513,0.8864050769048218,1.0,250.0,Cloud storage,68.22905755359461
888,826,0.733488,295.2533704906898,131.45965426394892,32.40603053931466,53.250065322237056,1309.380830126796,0.872193782443056,1.0,250.0,Website,50.71937652144641
4206,2259,9.501354,5221.731579584455,45.87715222241344,49.028966418811315,82.29060347647649,422.65562720922713,0.8264637150168992,1.0,1024.0,Email,44.42777720960012
1074,3045,3.27033,1392.1487144855428,210.31901972631323,31.032604655794138,11.78929379640022,5785.672105781516,0.8936431755862008,5.0,5120.0,Mobile sharing,44.546916315794746
2570,2659,6.83363,4484.834326327015,67.62220189510212,79.05828474443227,54.784373487300435,5699.979875158021,0.889453835253922,0.256,5120.0,Website,55.36902753618077
992,3437,3.409504,570.4970872154116,205.64967651452343,39.060971851014,51.95564269346631,2047.954925905782,0.923801340100405,1.0,250.0,Mobile sharing,58.22960694935151
2027,2320,4.70264,1505.6745689005252,82.82311614110088,26.216533413697345,60.903835577249424,1219.5648761612415,0.8739054023386428,1.0,1024.0,Email,56.408024621864286
2490,3351,8.34399,5227.704685803232,164.15927285783505,82.0789372904144,61.74102482913713,1082.9910088678423,0.9764683682982545,10.0,2048.0,Email,80.85204874299795
3884,994,3.860696,881.8909488703639,151.7229232234269,48.29577064016091,58.42047904224195,2638.3726880529334,0.8500732860742339,5.0,250.0,Website,50.329134818061775
1113,599,0.666687,297.7225225269271,214.95679758226584,74.95890250874623,66.03857914045851,3587.9561176692573,0.9504726298441041,1.0,5120.0,High-quality archive,90.0
4673,780,3.64494,1826.411345698861,57.88231032580747,21.17779379349343,59.817833219506916,5851.7587518720675,0.8318637772745671,0.256,2048.0,High-quality archive,59.97690553983204
4478,1025,4.58995,2483.1674949542557,196.06595527811515,56.157867317138106,47.273870015690605,2391.180563455281,0.8581541118185971,1.0,2048.0,Mobile sharing,48.175811385097454
1922,1556,2.990632,855.5508374067324,85.88042671355952,19.04763344178849,26.048152036911247,228.27387293458483,0.8609482926449535,10.0,1024.0,Email,50.3972463005598
3574,1629,5.822046,3943.946383677315,104.78540668454136,22.067265591170973,64.47095267964568,198.05116708432445,0.8556741335177993,5.0,250.0,High-quality archive,60.10780454103972
3493,419,1.463567,601.3255781681632,115.55983416020622,67.21957316385115,26.759015262678485,6122.183033262736,0.8891671081587572,5.0,2048.0,Mobile sharing,46.16507702193223
2046,1520,3.10992,1111.578808456583,99.86065389592417,18.11103917300337,9.69999412609194,424.7332661019311,0.8239064778156843,10.0,250.0,Cloud storage,43.79968037626783
3593,3273,11.759889,7196.782687304618,153.52206867083964,64.9250480992536,13.162403217347364,4907.809207814588,0.9030805327657921,1.0,250.0,Cloud storage,55.5988791669171
4791,2109,10.104219,5556.217584086745,54.77724249225011,17.139398859522608,5.3102905321125355,1233.213065315186,0.9311917443350068,10.0,500.0,Website,51.11281864158887
2568,3956,10.159008,4409.270455312795,109.83724087115033,56.50799160390651,45.63761460840109,3318.144210796306,0.961700259178929,5.0,500.0,Cloud storage,69.00875275462212
1787,2170,3.87779,2404.5948565131603,93.1217388934921,36.70375186626951,84.79804787530485,4111.530924279056,0.8396869193825583,10.0,500.0,Mobile sharing,35.80027971205352
2684,3949,10.599116,3979.484276310504,78.72545777563371,60.57847739302537,36.190291960674855,431.9746975859995,0.8225100043653286,10.0,1024.0,High-quality archive,66.08731468849392
4533,3421,15.507393,8412.114266796347,181.47891960647058,63.18456587429476,50.369005612802106,395.32483242341965,0.8295194194916452,10.0,2048.0,Mobile sharing,34.84241545118637
1618,1270,2.05486,851.4042370148043,66.1910979864095,78.18716484400204,69.20499794988527,5902.895318263199,0.8884597057973799,0.256,2048.0,Cloud storage,69.17968485843382
4295,3235,13.894325,6472.951485708867,100.96963717436394,37.1123863272339,56.52493355215135,978.6877521701341,0.9576196030540414,1.0,1024.0,Cloud storage,70.60526623738112
4711,2932,13.812652,5189.885105884342,73.77546891900337,91.88554343398928,62.0111183711829,4171.305682129573,0.9070191663811444,10.0,250.0,Website,60.65246850791403
2430,1847,4.48821,1688.5656330969766,121.635170015228,73.66500041845818,39.25097082302386,4172.456443929654,0.9532029638521994,0.256,5120.0,Mobile sharing,56.00227297236865
1294,3647,4.719218,2781.7383165193023,47.92127116071509,41.7327144683113,20.961522706419437,4667.4706933398365,0.8991761684143286,5.0,5120.0,Email,56.30292584037288
3912,3532,13.817184,8613.789337388178,219.71961675940125,77.10858726142658,20.799819931732554,832.9288435387389,0.8534728236425283,10.0,1024.0,Website,48.34405166326489
1870,3643,6.81241,3490.0797598408303,114.17855650877267,36.90493862892487,34.21420242155908,3358.551637798775,0.8342946493166206,5.0,250.0,Cloud storage,46.62539991557836
4304,3654,15.726816,10951.309198056524,71.13964046840772,23.091375022907652,55.34923475734146,2782.247104966013,0.8346936694829613,1.0,250.0,Website,40.81134901094185
1692,2281,3.859452,1009.6672961567581,182.73490552060048,83.60069064573943,14.876307452654135,2392.2881016045676,0.8658708325731115,0.256,1024.0,Website,44.66201906852626
1500,2210,3.315,1367.3444654670584,163.0400700398665,80.78053193217494,27.699145406441048,1504.0836405429332,0.9765525398009388,0.256,500.0,Website,68.22144089356871
3149,2840,8.94316,3782.927918723555,78.40501464206582,26.3165936763341,42.935323882983354,3600.96028014407,0.933573351032351,10.0,500.0,Mobile sharing,48.72902859148823
4595,1758,8.07801,1402.434720903067,111.97247875124948,63.70418958725463,51.39599585889652,1311.0343115226574,0.9132711567121394,1.0,500.0,Cloud storage,70.44551688658409
2257,3402,7.678314,2844.8299291818566,135.205231272246,60.0298288827583,49.16573594783253,1531.194520794436,0.8735397774310592,5.0,1024.0,Website,57.23102932302484
3413,1822,6.218486,3544.93920759921,114.27777236201842,39.108148069142636,34.79976685506335,5062.39749577843,0.9248652479335304,10.0,2048.0,High-quality archive,78.3459949613035
1890,2042,3.85938,1974.5632220406906,118.88651144237497,66.04784624959012,41.93553823096167,5447.812209998357,0.854513752926365,0.256,500.0,Email,54.04087311347977
1763,1312,2.313056,781.074072220359,111.81930196659765,51.1457826746029,74.16209198934563,6738.234266476958,0.9550663423584369,1.0,5120.0,Email,73.63115867464533
2107,1367,2.880269,1353.0006970250304,159.66610855384909,31.216429875686504,64.19511356521443,1439.7466927911282,0.8690872860770577,1.0,1024.0,Cloud storage,64.64460962744178
4291,3635,15.597785,9315.887834539128,189.45636699382547,46.18664767589787,67.07785757396843,1483.3872654115198,0.9005166159928815,0.256,250.0,Email,59.052310421407945
896,2273,2.036608,357.5335892348773,122.89642472903249,67.13364343681064,53.3552352490685,427.75952084284614,0.8762169993528225,0.256,2048.0,High-quality archive,70.04177838998166
4276,3338,14.273288,7704.2710909359585,144.7042125468122,93.6737807007546,10.76080080775472,3857.771158569771,0.9148060238194006,0.256,500.0,Website,49.77762940864021
3861,587,2.266407,880.6402960190222,166.57001999434465,71.01406286425019,17.839527677189583,6012.906379990215,0.9742988643155869,1.0,1024.0,High-quality archive,81.9247204287751
943,803,0.757229,254.38859034339055,170.53519027698488,61.34772528090403,37.80728877735991,6952.1262875730745,0.8664727549032192,10.0,1024.0,High-quality archive,68.98238801453037
4961,1440,7.14384,1550.415100718614,93.89995243720216,75.74493416814329,73.50802879558582,845.3926639754097,0.9107659048951589,5.0,1024.0,Cloud storage,75.90128741133887
3476,1734,6.027384,1974.0987456502764,91.95571512979797,61.498022865746016,38.21231365757026,3342.592192572419,0.8310843189607188,10.0,250.0,High-quality archive,54.56079579690988
2789,645,1.798905,838.9786887186453,178.36925551339914,15.9490822752662,21.265348130537554,2670.6506144032383,0.8746552471609056,5.0,5120.0,Website,46.910245309513904
3385,2447,8.283095,1084.2198530111332,100.6472822704305,43.93302393553977,80.7855376256966,361.2259520156423,0.904810409621629,10.0,1024.0,Mobile sharing,57.365725586094136
2367,2699,6.388533,860.14896182746,155.05295794771223,40.79103517597857,66.37525483051976,1359.1394336431088,0.9200792533902498,5.0,5120.0,Email,71.52777959020986
3400,602,2.0468,1125.8990218807148,127.98794963518307,42.229254639003614,16.65749764163042,2065.225649519647,0.9422125379924033,10.0,1024.0,Cloud storage,67.8517987283617
4640,3064,14.21696,7311.4559324526535,162.9723004997602,63.864656346084125,45.51060225452451,1424.825973748375,0.9742822675980152,10.0,5120.0,Cloud storage,86.13739034744782
2545,789,2.008005,817.5224293675777,172.62752101249393,66.50322706004181,22.45571491206127,377.2716340925155,0.892536849787913,0.256,2048.0,High-quality archive,70.01213952670815
1507,3223,4.857061,2444.2526059521047,167.15285684534157,37.8592710701912,41.54388539312985,1312.8414101752592,0.8343760068947864,0.256,250.0,High-quality archive,49.65880002290925
983,3566,3.505378,1337.2678385360698,85.71850738745678,83.88899575181513,46.062110690042864,6465.610841768766,0.9215943939644108,10.0,250.0,Email,61.04604486925547
1633,3486,5.692638,2801.373328772137,136.60697558885542,51.234085865486804,42.5383373528802,5396.08345385433,0.8481639517923905,5.0,500.0,Website,42.5258757918191
667,1575,1.050525,356.76716611750527,204.55904231328967,34.12697857597344,29.207081756207852,1599.9510497110782,0.9073186909929813,1.0,2048.0,Website,54.41917289266977
2501,3826,9.568826,6672.968841439629,194.10523806305702,79.42369159122418,33.0163276934679,4079.4953678258885,0.9454969353877982,1.0,5120.0,High-quality archive,82.13047709352668
1190,3773,4.48987,2142.0972835441294,165.82226916990183,15.268982898510304,44.88443264752855,2669.2780425039286,0.9467809250910029,0.256,250.0,Mobile sharing,45.844781579531045
3662,2632,9.638384,4503.382127763157,192.90710436962195,62.38135113258889,80.84840794450311,2234.9732635292335,0.9764279466404666,1.0,5120.0,High-quality archive,90.0
894,844,0.754536,307.3319838565304,64.14644410004814,62.9089362982452,68.4499375160419,279.64400133727656,0.8462036362546792,1.0,500.0,Mobile sharing,47.05864744774345
4515,1779,8.032185,5402.165949468466,54.22916421364569,48.862568693261764,40.481492471821795,1998.377260212681,0.9343603458798913,1.0,500.0,High-quality archive,72.04100746811743
3242,502,1.627484,774.3980387488022,204.78174672969106,83.10627773731083,78.44191818499662,1919.3764065711632,0.9776673895251392,5.0,5120.0,Email,81.18502908773297
3283,2803,9.202249,6353.810103076216,118.89701332883128,74.32314438099286,60.302525615058755,5138.017899807106,0.8505209425793941,10.0,5120.0,High-quality archive,71.11954683019084
2005,2048,4.10624,2210.2302700560526,193.33957899478665,78.08153263122689,51.87477810993168,1022.6419810877255,0.9216728414771784,10.0,5120.0,Cloud storage,73.69796000524993
1203,3624,4.359672,3049.417137721551,103.24842427447126,72.86317554782808,47.27660787324144,3212.054014921751,0.8593463353593489,0.256,500.0,Website,42.06004386518273
1250,1759,2.19875,826.4887702908369,134.4333154617169,50.05875817511758,73.10422010486116,3130.027050567329,0.8332531348742884,1.0,5120.0,Mobile sharing,44.105735544111624
3880,2776,10.77088,6043.588847710157,59.356232953420374,76.27318352825398,20.0354132203918,3448.3841005391314,0.9406055942931506,0.256,2048.0,Website,62.22987499537867
1531,1871,2.864501,1548.9665424502964,91.21047984836679,56.46240105615739,30.24397170409722,5434.173748814521,0.8562373850390401,5.0,5120.0,Mobile sharing,45.94767424559126
769,773,0.594437,158.69921335692172,49.04877652276329,52.499098479393986,23.520600099324454,6208.020008891891,0.8573389517966857,5.0,1024.0,Cloud storage,53.30277533236291
2475,1955,4.838625,1458.2366802956783,55.577278306099885,30.09180295287125,79.91984358562459,4684.27831114736,0.9673764261531625,5.0,500.0,Mobile sharing,64.0318100913863
3472,1704,5.916288,1255.3838907908573,187.8943490007974,19.77201054902001,36.19793279266723,5744.236946155922,0.9028905112639509,5.0,2048.0,Website,56.34205866179468
2026,1394,2.824244,648.5057999646889,83.50861024544832,33.873260999569425,77.45119534822766,5357.634329428536,0.8931727679102939,5.0,5120.0,High-quality archive,74.85482462017193
3853,3617,13.936301,2291.73524710359,109.31483222756711,19.320390270119177,84.91545732413019,6405.007042379182,0.8548551318397193,5.0,5120.0,Email,63.99871301637168
1673,2565,4.291245,609.9958683730524,159.68864154225557,64.0742323274641,77.15347766394494,3364.1355787328803,0.875153433887742,10.0,1024.0,Website,56.81520542522404
2312,2651,6.129112,3486.9666959131505,64.15772554138151,40.470657410826334,74.15968030804468,3563.445653005062,0.9355853115285362,5.0,5120.0,Website,71.25495801253577
3058,2876,8.794808,5769.53952495624,45.12267426825432,24.69998051660408,60.561966581013394,4251.093830975952,0.8812027198354793,5.0,1024.0,High-quality archive,64.53287938972046
2149,2216,4.762184,999.617400043016,51.99284553532513,50.10869881507054,78.67655014360436,3926.565264224032,0.9653929871233656,1.0,5120.0,Website,74.10860077008735
2187,602,1.316574,724.5350800943532,168.05756185730596,78.53951942874632,29.6656877010766,3080.5698725100337,0.8469346738443517,5.0,5120.0,Mobile sharing,45.736827728446315
4780,2736,13.07808,6957.495597227589,64.96992999368614,44.22585646643918,6.536378474523628,3918.4273902271552,0.8887815930915454,10.0,500.0,High-quality archive,62.28279812688152
4954,2230,11.04742,7115.864534165346,201.5721415149197,40.88732622958274,58.64606786900319,6208.813192326646,0.9427003945845164,0.256,2048.0,Website,66.55388086811037
908,662,0.601096,288.72723226543883,130.05237648093055,34.04293277851875,27.007123186640023,2775.0058815498,0.882441435054146,1.0,2048.0,Website,49.29361562257205
2181,895,1.951995,931.5268114604457,62.759415074382254,48.909952230234865,37.17070478642273,4224.315105499403,0.917419138855893,10.0,2048.0,High-quality archive,73.46604160805819
553,772,0.426916,129.6994947224533,38.296085642807746,51.37132096643064,38.21326638208356,5153.5721647473765,0.9210391131400817,0.256,5120.0,Website,56.291990009897916
1810,1580,2.8598,488.4034723071051,100.12874889692087,46.30585841117215,61.69144357183684,1434.6096847413696,0.9715860789904741,1.0,5120.0,Cloud storage,84.20200337002328
4945,1478,7.30871,3715.7773463746234,50.79812602260728,84.70234525652086,45.31141544334245,1276.252205922511,0.9481188391180759,1.0,500.0,Email,66.8091624861105
4403,3017,13.283851,7411.310282829669,191.97602827852543,76.18774499166564,34.523100119205026,4511.384043184769,0.9571775853233484,0.256,250.0,Email,64.16451325223723
3069,603,1.850607,671.8814752094381,181.7335959445433,30.762275474046994,47.434746392199465,304.2708472816986,0.9512007511840722,10.0,1024.0,Email,73.93101788682021
2812,2694,7.575528,4634.4763173197825,170.89969090363655,24.59739173800644,83.41652137973976,206.5865872348044,0.9205617380148438,10.0,250.0,Mobile sharing,48.27449567655353
1456,653,0.950768,167.55147078202077,123.59543070699513,94.52075723215303,25.6743316611934,4307.070717257832,0.9547391375440699,5.0,250.0,Mobile sharing,59.78943176983065
1727,1067,1.842709,588.8817215070832,118.4870604489344,86.10506516029372,30.264906293225543,2695.6826642050178,0.8686590094204317,0.256,5120.0,High-quality archive,67.29070329474479
430,2671,1.14853,557.5759113537198,109.10068774550327,15.998699965719734,17.26288310353301,1074.6965644021295,0.9246475705685432,0.256,500.0,Website,48.92477473918588
1027,3055,3.137485,853.2168257414471,62.71350367081763,26.69023004468544,24.008867956186794,3781.105855463488,0.9412952960146002,5.0,5120.0,Website,61.50245383603828
1977,2661,5.260797,3405.5559430882363,133.7499925195076,65.66854726829531,36.75288512721321,2325.320196121185,0.8437307650739668,1.0,2048.0,Email,52.65722900936422
4064,624,2.535936,1579.234642441957,129.51138592721975,20.616062547324017,38.13023185422505,2435.4248900323314,0.9776862910879089,10.0,2048.0,Cloud storage,79.06583196027125
1960,2256,4.42176,2362.838757021474,172.28848557721196,20.30871045968839,21.25373500713617,140.12451023075812,0.9601279767737643,5.0,2048.0,Cloud storage,72.36571929811716
3203,2922,9.359166,2135.429910767492,49.174818549960285,88.38445891277742,77.0281039033427,4796.658779179999,0.8593566659353683,10.0,5120.0,High-quality archive,75.9791195933041
2459,2826,6.949134,1786.3405965994357,132.48694261029198,80.80609930375998,73.54133842804745,3951.9393048188126,0.9316294125292225,5.0,1024.0,Website,72.11198729815804
2829,2287,6.469923,1305.9430567512206,179.4523389581268,16.973125169941447,7.289012115403909,6337.272867700603,0.9326395381527496,10.0,250.0,Mobile sharing,42.392634144528415
3578,3147,11.259966,4144.032941310519,124.07158634304122,51.70392488368443,19.575021067241334,5063.670493392913,0.9011601768874673,0.256,2048.0,High-quality archive,69.54559767628814
1181,589,0.695609,435.1179772563384,68.46805630828763,37.26953672098804,14.32377263407331,5162.038456521423,0.8912718667610402,1.0,5120.0,Mobile sharing,44.43687133396816
2413,2313,5.581269,2814.5202719883255,42.68082280983619,91.05282081029523,81.42722805421434,1969.172086460931,0.8523064390623799,5.0,500.0,Cloud storage,57.653572761748165
2918,794,2.316892,749.1754761939441,166.76599997812468,72.31416914777435,21.134201695508782,4421.773313879075,0.9248674062700443,1.0,2048.0,High-quality archive,70.69502497357033
2290,1128,2.58312,549.4159494644967,64.34246995993348,51.3398928497572,75.03999764226087,3168.6267200208977,0.880239862804835,5.0,5120.0,Cloud storage,69.20104339266545
1870,3758,7.02746,2319.1342826774444,208.69044963696132,54.88092520941158,18.438529278541658,3408.391944150384,0.9279519100693561,10.0,500.0,Cloud storage,62.93331414978339
3907,2319,9.060333,3593.56295297045,198.15517042010654,52.03342451729224,36.98163163176695,770.828947567797,0.8835277280900931,1.0,5120.0,Cloud storage,66.15232514842049
1230,3289,4.04547,1041.7213875889283,141.6074772877767,36.518685177978966,55.45280143052497,4849.066273798896,0.8682064656970641,0.256,250.0,Mobile sharing,32.35094365321799
1064,734,0.780976,330.8872999198571,172.98139000450243,64.62638331766428,39.75794657938544,6623.716907887955,0.960800241105909,0.256,1024.0,Email,67.96530817664535
4080,3804,15.52032,3396.529963805051,210.1430945411315,33.69637314226081,74.67748805500194,3547.901778515508,0.8938775418763786,10.0,2048.0,Mobile sharing,55.10535485786434
3398,1942,6.598916,4387.857668019097,80.26881650596246,88.72668471038014,84.52519512195265,410.7549571247025,0.8474910879509902,5.0,2048.0,Website,59.797558536191715
3259,1222,3.982498,2617.1528147307163,75.53646452929888,58.38556791114412,22.25614334438595,6301.001717664676,0.8505846388918794,5.0,250.0,High-quality archive,55.33714132992854
3386,1055,3.57223,850.7795246189256,49.72313562986621,84.41928827305271,66.95982031308216,1818.6464065634345,0.8875463274874877,10.0,250.0,Mobile sharing,58.88846984009145
3967,1528,6.061576,2106.506822400137,70.65840523445914,61.85063072016006,64.5681255981838,5284.094515929334,0.877006306931079,1.0,1024.0,Email,63.341159898264195
1251,596,0.745596,127.47928264079931,106.4823205946947,32.87772808231735,33.72097360311807,701.5839050243837,0.9274784809590967,5.0,250.0,Cloud storage,67.00077369045219
4042,1458,5.893236,3906.6797029902345,173.0030830453182,57.214499666142046,19.96173348351856,4560.376157816699,0.914675284013753,10.0,2048.0,Website,59.87943025371547
3752,3694,13.859888,9299.46173527483,154.73524540386327,92.27648286026746,77.73663671804654,68.16978125578635,0.8485551055734502,5.0,5120.0,High-quality archive,75.83342336775715
1757,3890,6.83473,930.8473138484628,79.80131752468473,17.32967655678693,56.3458023889775,6230.54867191519,0.9796461855731091,5.0,1024.0,Email,77.59465948482625
668,3471,2.318628,450.97396910846385,220.10540640066677,72.18699637745618,44.32264256012796,721.7212344034217,0.9071251515971103,0.256,5120.0,Cloud storage,63.2033498639598
2303,1569,3.613407,1359.294760570123,77.94134141922683,53.43377670496049,16.365530860464837,4685.738004188638,0.9169166515945215,5.0,5120.0,Cloud storage,63.030225569398304
2385,1403,3.346155,2030.2640025716062,166.28944547737808,71.536733124748,46.30293485532034,6138.051373463767,0.8842707240564672,0.256,500.0,Mobile sharing,39.330320334943494
4062,730,2.96526,981.4396074078688,58.84570281576973,21.331958842818324,72.12835493780621,5461.3780420981675,0.8660866152623226,1.0,250.0,High-quality archive,73.82167644174983
3880,1166,4.52408,2478.4797752433547,75.95698602781432,32.28788174141001,5.645986864906144,4198.174833751151,0.9245584750316934,5.0,500.0,Website,49.86447683074195
3015,1697,5.116455,3173.6235004658765,157.74188297169437,21.73295525502688,69.42725380003931,4111.500364744237,0.9245641054920695,10.0,250.0,Email,60.556923947679984
4394,3570,15.68658,3965.501227561041,35.02373224206679,35.600696969398,42.978480832465785,5757.882400948353,0.9670501550331481,5.0,250.0,Cloud storage,72.8680344574346
2495,3918,9.77541,2485.8439094333908,174.86088043153148,21.42872984362473,22.90251395630671,6206.972053803902,0.9123073308959444,1.0,250.0,Website,49.318137086940006
4813,2224,10.704112,6605.265438216176,164.66243578283996,15.35572703822309,19.87060514834349,1842.8477189263676,0.901490268427215,5.0,1024.0,Mobile sharing,41.70645074187713
3838,960,3.68448,696.6856803635822,73.49819874705989,47.06240642765454,48.21925327090585,6573.5299521748275,0.8583552283306402,1.0,2048.0,Website,51.067893798030205
741,2969,2.200029,300.22541740324885,159.62479048662698,28.05741253716195,17.786604603227516,3934.408051536312,0.8954088240881337,1.0,2048.0,Website,55.26277406394028
1820,1244,2.26408,993.8564780352359,197.3275555527606,68.13446498086569,29.467709652501092,3889.4349493993946,0.8332785801972363,5.0,1024.0,Website,43.98506617302751
2315,3128,7.24132,4441.13501514505,72.92713911301342,21.522872436861043,35.02567246207652,3762.345336993802,0.9205697873596927,1.0,1024.0,Mobile sharing,44.723701432471216
2725,3749,10.216025,1808.4578939223136,92.36765401688064,63.47150898905956,23.99405808578106,1919.469740049155,0.8743315974435761,10.0,2048.0,Email,61.29583652779826
3430,1661,5.69723,1375.4718851158605,114.92102091174958,43.14717543837009,84.18204295810042,3273.884396700048,0.9662060906631765,5.0,5120.0,Mobile sharing,71.85829242371463
3293,2980,9.81314,3523.599386641599,115.24647519337334,93.3459665096324,25.844463114777913,3309.0992680242603,0.845578727311872,0.256,250.0,Cloud storage,49.84857530247831
1771,3103,5.495413,2708.04131216785,97.56395960156445,19.769453805201582,41.56163669619275,3554.6740890030496,0.9224463299667127,10.0,5120.0,Cloud storage,68.23621645912212
4407,3283,14.468181,7094.707102950805,176.98444059647406,91.5504295338196,37.63287733502416,4555.559846562395,0.8828262136450614,1.0,2048.0,Website,61.61268978502281
1080,3709,4.00572,879.4153077852131,73.77835354796699,75.39435606318389,54.74281064727696,6340.495643641936,0.955683329783402,1.0,1024.0,Mobile sharing,68.44775478992936
3545,3871,13.722695,7280.6094960093415,65.10768741761092,78.54632317945186,48.68179329044001,3364.226084116389,0.8640846457474272,5.0,5120.0,Mobile sharing,53.81204602154705
3986,3201,12.759186,7249.325832599319,145.96295966355336,90.17590735671023,50.8733632773795,3664.3168164738386,0.8650777471746677,1.0,250.0,Cloud storage,57.47098059929296
3789,2735,10.362915,6974.685872068413,118.46841298796417,22.78605143037136,57.65681146901377,116.18507028362512,0.9459205634035674,5.0,1024.0,Cloud storage,66.21768638791464
3365,2449,8.240885,3497.043201442562,96.51768164124431,37.52071277433935,37.0543917711594,6269.619509313189,0.8719623354698532,0.256,250.0,Cloud storage,49.10194597858329
1284,1126,1.445784,814.9212117345143,54.6588045910692,68.22096748938165,24.952246639259926,3331.720478160756,0.8519980738748065,0.256,2048.0,Mobile sharing,35.774896166434345
2217,1198,2.655966,1788.2548121114394,96.80202219217246,59.627773364152134,60.53037598901724,1434.9168816530957,0.830852396906248,1.0,1024.0,Cloud storage,59.45724140237665
3606,1639,5.910234,1691.3634400744274,210.48425162154612,26.283187574627604,52.77125021313843,2189.266850111643,0.849085057752526,1.0,250.0,High-quality archive,59.68963749525129
4192,1239,5.193888,2371.031763617236,221.0895573387028,40.276945622362526,5.865430772771763,1042.6171700551226,0.8941253643528377,0.256,2048.0,Mobile sharing,41.35266753241355
3825,876,3.3507,1659.390806244851,92.22423968135607,61.01362794497861,79.57049789316565,2074.8613367393573,0.9019986583178029,0.256,5120.0,Mobile sharing,55.10951222060937
1938,3105,6.01749,3432.1629378766156,137.5840438634682,57.884968632181206,61.94894559677269,4898.655477289212,0.8811415507428262,5.0,500.0,Email,51.57545172072518
4211,1936,8.152496,2663.7666380943715,83.22793567694163,68.05460097625252,21.943463794296793,4612.604376538539,0.9021156471745261,5.0,250.0,Mobile sharing,44.888861430811076
536,2278,1.221008,668.9536813319621,110.66781239318843,33.6266113742432,27.19641314569068,711.0644654501082,0.9757006899194967,0.256,250.0,Cloud storage,72.80229507660896
843,1777,1.498011,748.9206245898278,212.64711647077795,22.950184914856475,22.98430422837724,6029.087804121649,0.9449022952481771,10.0,5120.0,Email,66.69935773610322
1068,3801,4.059468,1322.9913131816968,170.86770632524372,85.61943580972692,17.004131811185665,1479.188652494642,0.9550119632056823,5.0,5120.0,Cloud storage,78.7573167610812
763,3936,3.003168,1085.792897663425,99.57360818063566,87.918392368615,13.725134779792803,4041.2076441755858,0.8436972929001266,1.0,5120.0,Website,47.42564528319799
978,1241,1.213698,363.78608640057183,107.48791231290873,47.43341402363492,70.02211440782852,3973.506819398873,0.9351111451098164,1.0,5120.0,High-quality archive,83.5550856021957
2506,800,2.0048,633.1064324424153,149.5453451468827,25.787306211858755,48.1110019971874,1923.7870314206978,0.9312661464973266,0.256,250.0,Mobile sharing,53.75657104973273
3939,588,2.316132,737.4319517014679,37.959277414507035,52.5279008462345,65.89530121519695,746.5292623343147,0.913471242734773,5.0,1024.0,Website,68.58731404485579
2721,2549,6.935829,3709.930165817702,183.13650996494673,77.25790924695019,25.09570273028245,4594.653717344475,0.8436953161192442,0.256,1024.0,Website,45.06359348288098
4445,1096,4.87172,2387.573684266892,201.12868598859458,18.922263886881943,48.801328958295066,4475.586389729962,0.924823007143193,10.0,1024.0,Website,61.779099628011295
873,2342,2.044566,517.0773162234245,211.37804022668476,88.65497606287089,80.7897805328915,2086.020624294744,0.9347119852736506,0.256,2048.0,Cloud storage,75.2002011294702
4388,1356,5.950128,1474.7810894085146,105.45363433028459,91.244297323618,72.33933439458374,2089.3009100095246,0.8507625794538659,5.0,2048.0,High-quality archive,72.5825903140229
1676,2685,4.50006,2270.032053273572,194.31530795265425,84.72414507418033,16.12487073388527,5214.134575832762,0.8415532212523731,1.0,500.0,Cloud storage,48.01770080384614
1043,578,0.602854,132.23922941921327,86.51205899810725,25.203386370735146,79.59589432091931,2053.8183572054586,0.9794454780681098,5.0,5120.0,Cloud storage,80.95216959013479
3006,2250,6.7635,1737.0272340005724,69.1051407593545,57.829149523262686,38.03874250217399,5589.053237342482,0.8267216066086988,5.0,2048.0,High-quality archive,64.74926723992087
1196,3898,4.662008,993.4040872055175,81.78621155479885,89.59545852553939,54.711565329630645,314.44077751180583,0.9456704897004269,0.256,250.0,Website,69.0100933548335
3010,3625,10.91125,2917.9499134614093,65.4818865461838,64.10447580976644,75.35869400761844,1893.4919804399462,0.9290070983666163,1.0,250.0,High-quality archive,79.54683254885181
2863,3645,10.435635,2058.325138883282,39.62565196448699,76.99523584886273,32.72578297906479,2806.7769378048097,0.8487897266523756,10.0,1024.0,High-quality archive,70.75192053224272
3391,2136,7.243176,3780.0161627371303,95.54618556467787,84.32832834240565,78.36092331901587,5950.909745350622,0.8715762795896739,1.0,500.0,Mobile sharing,46.06318360038644
3027,2030,6.14481,3277.713194508422,192.1611982680205,37.2149323894258,12.765989090652793,4392.551565235836,0.8632320116253721,5.0,250.0,High-quality archive,55.70983203387954
3089,1871,5.779519,1549.6109905231922,172.75023058581567,77.86976133454358,81.25173390525147,1075.7214692764244,0.9622822563021112,1.0,2048.0,Website,72.37804273631524
1627,1526,2.482802,354.17166104963525,131.43459388269406,37.861550118857295,26.76532355198868,6493.613111488941,0.9694771807344886,0.256,250.0,Cloud storage,74.63576632025989
2717,3622,9.840974,4835.212780792748,140.7517951874492,88.9332871534267,17.702471001078525,1471.7607337102331,0.9718343039125671,1.0,250.0,Website,63.659793567758385
3025,618,1.86945,325.06886575740526,148.45826115132715,59.109436972324694,49.9881482977946,3341.882071022103,0.9787501658183837,5.0,250.0,Cloud storage,79.98259874301634
1668,1666,2.778888,1570.2476219273271,101.12294521350834,69.13896540661204,39.56277967497817,4274.242435809937,0.9526424596487839,1.0,1024.0,Website,66.46964544369621
2460,1361,3.34806,1419.7971116983008,84.85833185282473,82.48561645743669,34.886850202649875,947.2980412529295,0.905533034794761,0.256,500.0,Email,61.381710077752764
4614,832,3.838848,1388.6614429824945,218.87335087550784,82.61757395690832,15.272771988124708,4315.585345346835,0.9466982725350455,0.256,2048.0,Website,63.8871157231727
3419,3034,10.373246,4799.123840172718,73.27454674191851,19.48429125092069,33.29897376412765,480.47606353540215,0.9526206402513215,1.0,1024.0,Website,59.443692835632255
4283,3515,15.054745,7705.383416919947,129.99975203901795,26.948671418431267,69.05342865403165,1554.6483308096324,0.8325038807513137,1.0,2048.0,Mobile sharing,44.58671372665771
4980,1819,9.05862,4754.452363147033,208.16233085132853,17.734595421331818,54.4697138893775,1566.2627142581407,0.8878369806213391,1.0,1024.0,Cloud storage,60.253214931917945
2193,1003,2.199579,761.7730099445711,203.56728957793118,43.37346183571927,71.85649426369058,3834.0410040965803,0.8817000375775668,0.256,2048.0,High-quality archive,69.80567431817622
1822,2137,3.893614,1450.3308934288777,144.7096043707412,61.81307028045745,37.88929570008437,5315.757005176332,0.8924797348611988,1.0,5120.0,Cloud storage,69.91531976267662
3184,1577,5.021168,1316.6160065629063,68.60858063746672,70.15553714465068,39.82576026830943,2750.8140635162094,0.8526544598638189,0.256,5120.0,Website,45.82066222076073
4225,2587,10.930075,2121.9850863597535,55.51472117013121,20.388363333119663,33.12237862874007,3336.5618852337857,0.8759484009403695,0.256,1024.0,Website,54.030474701502754
428,2988,1.278864,259.83850390415313,35.85615853640063,70.71044528520855,79.36526947204949,4369.741647922492,0.8353923283084655,5.0,5120.0,Mobile sharing,48.256883299062395
2730,2085,5.69205,1089.9447812388473,171.94046883296883,91.91745635867497,66.8533675393728,4388.209839268318,0.9764668982729006,5.0,500.0,Mobile sharing,71.21756879693197
736,1477,1.087072,231.2359288761358,107.82633251651563,37.51994048438003,22.962466748112245,228.7675602035654,0.9106002021655697,10.0,1024.0,High-quality archive,71.308815851453
1643,1496,2.457928,1638.5351480288339,147.3559665258902,91.89656372258135,31.70048824921001,65.91228455693853,0.9523806167297028,10.0,250.0,Mobile sharing,53.740070959463075
670,432,0.28944,61.67048997260096,139.97966504199042,34.45591045439549,4.349039662770325,6075.032078114019,0.8986712273962343,5.0,2048.0,Cloud storage,63.33233308368309
4634,3977,18.429418,6996.423356660213,116.23461528386375,37.540445364093614,54.2620714990636,3428.481878859225,0.8770418717506283,5.0,250.0,Mobile sharing,51.89795557565692
1001,1448,1.449448,478.4194559522885,166.16682632727984,54.39223250204894,65.39971196475021,2761.419962218361,0.9057022776625967,0.256,250.0,High-quality archive,72.58553233140891
2845,3214,9.14383,3177.410744628389,41.67003060362213,28.410902856955733,36.75103863102039,5039.496093766565,0.939229720700619,1.0,1024.0,Mobile sharing,61.99392936751241
4347,1613,7.011711,1418.6232497643202,113.90386976361532,22.804991702527406,7.307295081171609,498.46527352385596,0.8367603243330618,1.0,5120.0,High-quality archive,57.70474010705804
947,3810,3.60807,1575.5004658792852,154.4551531389735,29.758716891239445,47.327643691964084,2727.8527141831214,0.9694273945250866,10.0,5120.0,High-quality archive,82.48476056906792
1313,3492,4.584996,2066.2055008295756,58.622644519078364,67.32122550726895,68.52499336378442,2449.320935279254,0.9023282723110652,0.256,250.0,Cloud storage,61.167761381939386
626,794,0.497044,123.65209664588293,91.71091040200665,81.06321913456175,60.4537854811931,98.75034412156259,0.9400241886707043,0.256,5120.0,High-quality archive,80.11777651881741
2257,2008,4.532056,979.8430173791586,131.98866160889725,34.86528781158747,63.47248425847949,5448.246388378652,0.8835552645639828,0.256,2048.0,High-quality archive,70.9416714275908
2278,3333,7.592574,2782.6153454805685,118.8804502403612,85.95026192216164,5.818569634960121,208.54042758109318,0.952419463149655,0.256,250.0,Cloud storage,60.13761802343863
1104,722,0.797088,187.33034780213734,92.59210483627896,52.353018169855375,21.70496126897093,6947.275103646634,0.8461513627714028,1.0,5120.0,Cloud storage,54.5075775558273
2871,864,2.480544,489.99949195263696,130.0562506496625,43.281613717536814,22.23738852726548,6714.627003301955,0.9686097570195724,1.0,250.0,Cloud storage,77.38375141855332
1154,789,0.910506,258.4281133581894,70.13819256613948,22.574830833064887,9.254194965187434,5284.520278623313,0.8651461034191706,0.256,5120.0,Email,44.05551341487137
534,1676,0.894984,307.60413306230276,130.02903061999768,84.65086951835627,71.45115721706335,119.19649950337752,0.9524698769664931,1.0,250.0,Website,71.210545315496
400,3047,1.2188,445.2009154552752,114.85789297697353,46.34035525740116,76.13991002132357,3778.4220823382657,0.9645994758124775,0.256,2048.0,Website,64.5670224720064
3832,2176,8.338432,2936.957238953209,192.4291128580611,30.007824957677094,79.78580714544722,4083.950235050817,0.9026882240403153,5.0,2048.0,Website,62.11930035123875
2950,1786,5.2687,1328.048757263633,145.66363056588406,43.370115255075405,55.23648507583606,3857.4503328620353,0.8487487893939988,0.256,2048.0,Cloud storage,53.61794048231624
3732,2385,8.90082,4569.738247038642,159.04563704425604,74.91430560720357,19.953641748735627,817.2190744746307,0.8577575914665091,5.0,500.0,Website,43.23397751159546
927,1599,1.482273,1030.6520129516662,64.87946207054615,38.88292498387742,78.50020045433573,6744.991038828578,0.8566149377842428,5.0,5120.0,Website,53.188199921121516
1545,3141,4.852845,666.8520047933724,112.25772955578242,34.786816537391054,60.72865716104806,161.59011291853358,0.9314766439591896,1.0,250.0,Website,65.15502874726548
614,1003,0.615842,138.07271517604448,77.83825424578755,42.11247430243706,19.266758349427953,3598.52233971066,0.9212690778398969,10.0,1024.0,Website,55.94430911319678
4942,3214,15.883588,4790.164946350266,153.326078442376,86.4337268034778,21.164177937873,4358.310073669978,0.9047672407928726,10.0,5120.0,High-quality archive,78.2028181011683
4893,1461,7.148673,944.4831935262645,224.48853908467507,34.20480544298212,82.79436278941199,4588.578145197533,0.9646293774317716,0.256,5120.0,Website,67.38479351376411
4393,3998,17.563214,9964.982080966225,134.52476565777894,67.39546273527087,18.93025130078114,126.67671901043173,0.8895953378751851,1.0,500.0,High-quality archive,67.42350718517672
1449,2018,2.924082,1473.1598042225576,204.8152418012944,92.30552771865678,76.03699109551086,4360.215967461137,0.8529222647345807,0.256,5120.0,Cloud storage,59.13009517351611
3166,945,2.99187,930.5150026958472,143.98505665427476,69.51781055886434,4.089999542342151,5457.254788452264,0.8674375762420834,0.256,2048.0,Email,49.89855615769803
1881,1939,3.647259,559.2644453184607,72.33838549454072,16.785538492195855,66.82055545036484,6886.870251637609,0.9255275454826503,0.256,1024.0,Cloud storage,67.59233902864932
